file,line,type,commit,author,date,time,timezone,datetime,depth,length
style.css,1,css,434cea15,SC450,2025-04-11,01:45:45,-07:00,2025-04-11T01:45:45-07:00,0,5
style.css,2,css,434cea15,SC450,2025-04-11,01:45:45,-07:00,2025-04-11T01:45:45-07:00,0,39
style.css,3,css,843fc5e1,SC450,2025-04-18,20:16:51,-07:00,2025-04-18T20:16:51-07:00,0,24
style.css,4,css,434cea15,SC450,2025-04-11,01:45:45,-07:00,2025-04-11T01:45:45-07:00,0,0
style.css,5,css,434cea15,SC450,2025-04-11,01:45:45,-07:00,2025-04-11T01:45:45-07:00,0,0
style.css,6,css,71ededbf,SC450,2025-04-03,20:18:30,-07:00,2025-04-03T20:18:30-07:00,0,5
style.css,7,css,71ededbf,SC450,2025-04-03,20:18:30,-07:00,2025-04-03T20:18:30-07:00,0,92
style.css,8,css,71ededbf,SC450,2025-04-03,20:18:30,-07:00,2025-04-03T20:18:30-07:00,0,24
style.css,9,css,434cea15,SC450,2025-04-11,01:45:45,-07:00,2025-04-11T01:45:45-07:00,0,16
style.css,10,css,434cea15,SC450,2025-04-11,01:45:45,-07:00,2025-04-11T01:45:45-07:00,0,17
style.css,11,css,434cea15,SC450,2025-04-11,01:45:45,-07:00,2025-04-11T01:45:45-07:00,0,18
style.css,12,css,843fc5e1,SC450,2025-04-18,20:16:51,-07:00,2025-04-18T20:16:51-07:00,0,17
style.css,13,css,843fc5e1,SC450,2025-04-18,20:16:51,-07:00,2025-04-18T20:16:51-07:00,0,18
style.css,14,css,434cea15,SC450,2025-04-11,01:45:45,-07:00,2025-04-11T01:45:45-07:00,0,33
style.css,15,css,434cea15,SC450,2025-04-11,01:45:45,-07:00,2025-04-11T01:45:45-07:00,0,0
style.css,16,css,434cea15,SC450,2025-04-11,01:45:45,-07:00,2025-04-11T01:45:45-07:00,0,0
style.css,17,css,434cea15,SC450,2025-04-11,01:45:45,-07:00,2025-04-11T01:45:45-07:00,0,3
style.css,18,css,434cea15,SC450,2025-04-11,01:45:45,-07:00,2025-04-11T01:45:45-07:00,0,14
style.css,19,css,434cea15,SC450,2025-04-11,01:45:45,-07:00,2025-04-11T01:45:45-07:00,0,0
style.css,20,css,434cea15,SC450,2025-04-11,01:45:45,-07:00,2025-04-11T01:45:45-07:00,0,0
style.css,21,css,46c74c8f,SC450,2025-04-11,13:41:05,-07:00,2025-04-11T13:41:05-07:00,0,3
style.css,22,css,46c74c8f,SC450,2025-04-11,13:41:05,-07:00,2025-04-11T13:41:05-07:00,0,16
style.css,23,css,46c74c8f,SC450,2025-04-11,13:41:05,-07:00,2025-04-11T13:41:05-07:00,0,0
style.css,24,css,46c74c8f,SC450,2025-04-11,13:41:05,-07:00,2025-04-11T13:41:05-07:00,0,0
style.css,25,css,434cea15,SC450,2025-04-11,01:45:45,-07:00,2025-04-11T01:45:45-07:00,0,28
style.css,26,css,434cea15,SC450,2025-04-11,01:45:45,-07:00,2025-04-11T01:45:45-07:00,0,16
style.css,27,css,434cea15,SC450,2025-04-11,01:45:45,-07:00,2025-04-11T01:45:45-07:00,0,18
style.css,28,css,434cea15,SC450,2025-04-11,01:45:45,-07:00,2025-04-11T01:45:45-07:00,0,0
style.css,29,css,434cea15,SC450,2025-04-11,01:45:45,-07:00,2025-04-11T01:45:45-07:00,0,0
style.css,30,css,434cea15,SC450,2025-04-11,01:45:45,-07:00,2025-04-11T01:45:45-07:00,0,4
style.css,31,css,434cea15,SC450,2025-04-11,01:45:45,-07:00,2025-04-11T01:45:45-07:00,0,13
style.css,32,css,434cea15,SC450,2025-04-11,01:45:45,-07:00,2025-04-11T01:45:45-07:00,0,17
style.css,33,css,434cea15,SC450,2025-04-11,01:45:45,-07:00,2025-04-11T01:45:45-07:00,0,24
style.css,34,css,434cea15,SC450,2025-04-11,01:45:45,-07:00,2025-04-11T01:45:45-07:00,0,26
style.css,35,css,843fc5e1,SC450,2025-04-18,20:16:51,-07:00,2025-04-18T20:16:51-07:00,0,70
style.css,36,css,434cea15,SC450,2025-04-11,01:45:45,-07:00,2025-04-11T01:45:45-07:00,0,0
style.css,37,css,434cea15,SC450,2025-04-11,01:45:45,-07:00,2025-04-11T01:45:45-07:00,0,0
style.css,38,css,434cea15,SC450,2025-04-11,01:45:45,-07:00,2025-04-11T01:45:45-07:00,0,6
style.css,39,css,434cea15,SC450,2025-04-11,01:45:45,-07:00,2025-04-11T01:45:45-07:00,0,7
style.css,40,css,434cea15,SC450,2025-04-11,01:45:45,-07:00,2025-04-11T01:45:45-07:00,0,21
style.css,41,css,434cea15,SC450,2025-04-11,01:45:45,-07:00,2025-04-11T01:45:45-07:00,0,14
style.css,42,css,434cea15,SC450,2025-04-11,01:45:45,-07:00,2025-04-11T01:45:45-07:00,0,18
style.css,43,css,434cea15,SC450,2025-04-11,01:45:45,-07:00,2025-04-11T01:45:45-07:00,0,14
style.css,44,css,434cea15,SC450,2025-04-11,01:45:45,-07:00,2025-04-11T01:45:45-07:00,0,0
style.css,45,css,434cea15,SC450,2025-04-11,01:45:45,-07:00,2025-04-11T01:45:45-07:00,0,0
style.css,46,css,434cea15,SC450,2025-04-11,01:45:45,-07:00,2025-04-11T01:45:45-07:00,0,10
style.css,47,css,434cea15,SC450,2025-04-11,01:45:45,-07:00,2025-04-11T01:45:45-07:00,0,24
style.css,48,css,434cea15,SC450,2025-04-11,01:45:45,-07:00,2025-04-11T01:45:45-07:00,0,7
style.css,49,css,434cea15,SC450,2025-04-11,01:45:45,-07:00,2025-04-11T01:45:45-07:00,0,21
style.css,50,css,434cea15,SC450,2025-04-11,01:45:45,-07:00,2025-04-11T01:45:45-07:00,0,14
style.css,51,css,434cea15,SC450,2025-04-11,01:45:45,-07:00,2025-04-11T01:45:45-07:00,0,18
style.css,52,css,434cea15,SC450,2025-04-11,01:45:45,-07:00,2025-04-11T01:45:45-07:00,0,14
style.css,53,css,434cea15,SC450,2025-04-11,01:45:45,-07:00,2025-04-11T01:45:45-07:00,0,0
style.css,54,css,434cea15,SC450,2025-04-11,01:45:45,-07:00,2025-04-11T01:45:45-07:00,0,31
style.css,55,css,434cea15,SC450,2025-04-11,01:45:45,-07:00,2025-04-11T01:45:45-07:00,0,17
style.css,56,css,434cea15,SC450,2025-04-11,01:45:45,-07:00,2025-04-11T01:45:45-07:00,0,26
style.css,57,css,434cea15,SC450,2025-04-11,01:45:45,-07:00,2025-04-11T01:45:45-07:00,0,26
style.css,58,css,843fc5e1,SC450,2025-04-18,20:16:51,-07:00,2025-04-18T20:16:51-07:00,0,70
style.css,59,css,434cea15,SC450,2025-04-11,01:45:45,-07:00,2025-04-11T01:45:45-07:00,0,19
style.css,60,css,434cea15,SC450,2025-04-11,01:45:45,-07:00,2025-04-11T01:45:45-07:00,0,0
style.css,61,css,434cea15,SC450,2025-04-11,01:45:45,-07:00,2025-04-11T01:45:45-07:00,0,0
style.css,62,css,434cea15,SC450,2025-04-11,01:45:45,-07:00,2025-04-11T01:45:45-07:00,0,16
style.css,63,css,434cea15,SC450,2025-04-11,01:45:45,-07:00,2025-04-11T01:45:45-07:00,0,26
style.css,64,css,434cea15,SC450,2025-04-11,01:45:45,-07:00,2025-04-11T01:45:45-07:00,0,26
style.css,65,css,434cea15,SC450,2025-04-11,01:45:45,-07:00,2025-04-11T01:45:45-07:00,0,40
style.css,66,css,843fc5e1,SC450,2025-04-18,20:16:51,-07:00,2025-04-18T20:16:51-07:00,0,64
style.css,67,css,843fc5e1,SC450,2025-04-18,20:16:51,-07:00,2025-04-18T20:16:51-07:00,0,70
style.css,68,css,434cea15,SC450,2025-04-11,01:45:45,-07:00,2025-04-11T01:45:45-07:00,0,19
style.css,69,css,434cea15,SC450,2025-04-11,01:45:45,-07:00,2025-04-11T01:45:45-07:00,0,0
style.css,70,css,434cea15,SC450,2025-04-11,01:45:45,-07:00,2025-04-11T01:45:45-07:00,0,0
style.css,71,css,434cea15,SC450,2025-04-11,01:45:45,-07:00,2025-04-11T01:45:45-07:00,0,12
style.css,72,css,434cea15,SC450,2025-04-11,01:45:45,-07:00,2025-04-11T01:45:45-07:00,0,26
style.css,73,css,434cea15,SC450,2025-04-11,01:45:45,-07:00,2025-04-11T01:45:45-07:00,0,26
style.css,74,css,434cea15,SC450,2025-04-11,01:45:45,-07:00,2025-04-11T01:45:45-07:00,0,40
style.css,75,css,843fc5e1,SC450,2025-04-18,20:16:51,-07:00,2025-04-18T20:16:51-07:00,0,64
style.css,76,css,843fc5e1,SC450,2025-04-18,20:16:51,-07:00,2025-04-18T20:16:51-07:00,0,70
style.css,77,css,434cea15,SC450,2025-04-11,01:45:45,-07:00,2025-04-11T01:45:45-07:00,0,19
style.css,78,css,434cea15,SC450,2025-04-11,01:45:45,-07:00,2025-04-11T01:45:45-07:00,0,0
style.css,79,css,434cea15,SC450,2025-04-11,01:45:45,-07:00,2025-04-11T01:45:45-07:00,0,0
style.css,80,css,434cea15,SC450,2025-04-11,01:45:45,-07:00,2025-04-11T01:45:45-07:00,0,6
style.css,81,css,434cea15,SC450,2025-04-11,01:45:45,-07:00,2025-04-11T01:45:45-07:00,0,13
style.css,82,css,434cea15,SC450,2025-04-11,01:45:45,-07:00,2025-04-11T01:45:45-07:00,0,0
style.css,83,css,434cea15,SC450,2025-04-11,01:45:45,-07:00,2025-04-11T01:45:45-07:00,0,0
style.css,84,css,434cea15,SC450,2025-04-11,01:45:45,-07:00,2025-04-11T01:45:45-07:00,0,9
style.css,85,css,434cea15,SC450,2025-04-11,01:45:45,-07:00,2025-04-11T01:45:45-07:00,0,13
style.css,86,css,434cea15,SC450,2025-04-11,01:45:45,-07:00,2025-04-11T01:45:45-07:00,0,0
style.css,87,css,434cea15,SC450,2025-04-11,01:45:45,-07:00,2025-04-11T01:45:45-07:00,0,0
style.css,88,css,434cea15,SC450,2025-04-11,01:45:45,-07:00,2025-04-11T01:45:45-07:00,0,7
style.css,89,css,434cea15,SC450,2025-04-11,01:45:45,-07:00,2025-04-11T01:45:45-07:00,0,13
style.css,90,css,434cea15,SC450,2025-04-11,01:45:45,-07:00,2025-04-11T01:45:45-07:00,0,0
style.css,91,css,434cea15,SC450,2025-04-11,01:45:45,-07:00,2025-04-11T01:45:45-07:00,0,0
style.css,92,css,434cea15,SC450,2025-04-11,01:45:45,-07:00,2025-04-11T01:45:45-07:00,0,25
style.css,93,css,434cea15,SC450,2025-04-11,01:45:45,-07:00,2025-04-11T01:45:45-07:00,0,5
style.css,94,css,434cea15,SC450,2025-04-11,01:45:45,-07:00,2025-04-11T01:45:45-07:00,0,13
style.css,95,css,434cea15,SC450,2025-04-11,01:45:45,-07:00,2025-04-11T01:45:45-07:00,0,31
style.css,96,css,434cea15,SC450,2025-04-11,01:45:45,-07:00,2025-04-11T01:45:45-07:00,0,8
style.css,97,css,434cea15,SC450,2025-04-11,01:45:45,-07:00,2025-04-11T01:45:45-07:00,0,0
style.css,98,css,434cea15,SC450,2025-04-11,01:45:45,-07:00,2025-04-11T01:45:45-07:00,0,0
style.css,99,css,434cea15,SC450,2025-04-11,01:45:45,-07:00,2025-04-11T01:45:45-07:00,0,7
style.css,100,css,434cea15,SC450,2025-04-11,01:45:45,-07:00,2025-04-11T01:45:45-07:00,0,19
style.css,101,css,434cea15,SC450,2025-04-11,01:45:45,-07:00,2025-04-11T01:45:45-07:00,0,11
style.css,102,css,434cea15,SC450,2025-04-11,01:45:45,-07:00,2025-04-11T01:45:45-07:00,0,0
style.css,103,css,434cea15,SC450,2025-04-11,01:45:45,-07:00,2025-04-11T01:45:45-07:00,0,0
style.css,104,css,434cea15,SC450,2025-04-11,01:45:45,-07:00,2025-04-11T01:45:45-07:00,0,26
style.css,105,css,434cea15,SC450,2025-04-11,01:45:45,-07:00,2025-04-11T01:45:45-07:00,0,10
style.css,106,css,434cea15,SC450,2025-04-11,01:45:45,-07:00,2025-04-11T01:45:45-07:00,0,13
style.css,107,css,434cea15,SC450,2025-04-11,01:45:45,-07:00,2025-04-11T01:45:45-07:00,0,59
style.css,108,css,434cea15,SC450,2025-04-11,01:45:45,-07:00,2025-04-11T01:45:45-07:00,0,8
style.css,109,css,434cea15,SC450,2025-04-11,01:45:45,-07:00,2025-04-11T01:45:45-07:00,0,12
style.css,110,css,434cea15,SC450,2025-04-11,01:45:45,-07:00,2025-04-11T01:45:45-07:00,0,17
style.css,111,css,434cea15,SC450,2025-04-11,01:45:45,-07:00,2025-04-11T01:45:45-07:00,0,14
style.css,112,css,fac12194,SC450,2025-04-25,23:04:25,-07:00,2025-04-25T23:04:25-07:00,0,0
style.css,113,css,fac12194,SC450,2025-04-25,23:04:25,-07:00,2025-04-25T23:04:25-07:00,0,0
style.css,114,css,fac12194,SC450,2025-04-25,23:04:25,-07:00,2025-04-25T23:04:25-07:00,0,17
style.css,115,css,fac12194,SC450,2025-04-25,23:04:25,-07:00,2025-04-25T23:04:25-07:00,0,13
style.css,116,css,fac12194,SC450,2025-04-25,23:04:25,-07:00,2025-04-25T23:04:25-07:00,0,59
style.css,117,css,fac12194,SC450,2025-04-25,23:04:25,-07:00,2025-04-25T23:04:25-07:00,0,8
style.css,118,css,fac12194,SC450,2025-04-25,23:04:25,-07:00,2025-04-25T23:04:25-07:00,0,12
style.css,119,css,fac12194,SC450,2025-04-25,23:04:25,-07:00,2025-04-25T23:04:25-07:00,0,17
style.css,120,css,fac12194,SC450,2025-04-25,23:04:25,-07:00,2025-04-25T23:04:25-07:00,0,14
style.css,121,css,434cea15,SC450,2025-04-11,01:45:45,-07:00,2025-04-11T01:45:45-07:00,0,0
style.css,122,css,434cea15,SC450,2025-04-11,01:45:45,-07:00,2025-04-11T01:45:45-07:00,0,0
style.css,123,css,434cea15,SC450,2025-04-11,01:45:45,-07:00,2025-04-11T01:45:45-07:00,0,8
style.css,124,css,a6914553,SC450,2025-04-18,21:21:54,-07:00,2025-04-18T21:21:54-07:00,0,78
style.css,125,css,434cea15,SC450,2025-04-11,01:45:45,-07:00,2025-04-11T01:45:45-07:00,0,12
style.css,126,css,434cea15,SC450,2025-04-11,01:45:45,-07:00,2025-04-11T01:45:45-07:00,0,22
style.css,127,css,434cea15,SC450,2025-04-11,01:45:45,-07:00,2025-04-11T01:45:45-07:00,0,18
style.css,128,css,434cea15,SC450,2025-04-11,01:45:45,-07:00,2025-04-11T01:45:45-07:00,0,41
style.css,129,css,434cea15,SC450,2025-04-11,01:45:45,-07:00,2025-04-11T01:45:45-07:00,0,11
style.css,130,css,434cea15,SC450,2025-04-11,01:45:45,-07:00,2025-04-11T01:45:45-07:00,0,0
style.css,131,css,843fc5e1,SC450,2025-04-18,20:16:51,-07:00,2025-04-18T20:16:51-07:00,0,0
style.css,132,css,806dced1,SC450,2025-05-02,23:41:15,-07:00,2025-05-02T23:41:15-07:00,0,15
style.css,133,css,806dced1,SC450,2025-05-02,23:41:15,-07:00,2025-05-02T23:41:15-07:00,0,31
style.css,134,css,806dced1,SC450,2025-05-02,23:41:15,-07:00,2025-05-02T23:41:15-07:00,0,35
style.css,135,css,806dced1,SC450,2025-05-02,23:41:15,-07:00,2025-05-02T23:41:15-07:00,0,17
style.css,136,css,806dced1,SC450,2025-05-02,23:41:15,-07:00,2025-05-02T23:41:15-07:00,0,0
style.css,137,css,806dced1,SC450,2025-05-02,23:41:15,-07:00,2025-05-02T23:41:15-07:00,0,0
style.css,138,css,806dced1,SC450,2025-05-02,23:41:15,-07:00,2025-05-02T23:41:15-07:00,0,19
style.css,139,css,806dced1,SC450,2025-05-02,23:41:15,-07:00,2025-05-02T23:41:15-07:00,0,15
style.css,140,css,806dced1,SC450,2025-05-02,23:41:15,-07:00,2025-05-02T23:41:15-07:00,0,17
style.css,141,css,806dced1,SC450,2025-05-02,23:41:15,-07:00,2025-05-02T23:41:15-07:00,0,0
style.css,142,css,806dced1,SC450,2025-05-02,23:41:15,-07:00,2025-05-02T23:41:15-07:00,0,17
style.css,143,css,806dced1,SC450,2025-05-02,23:41:15,-07:00,2025-05-02T23:41:15-07:00,0,0
style.css,144,css,806dced1,SC450,2025-05-02,23:41:15,-07:00,2025-05-02T23:41:15-07:00,0,0
style.css,145,css,806dced1,SC450,2025-05-02,23:41:15,-07:00,2025-05-02T23:41:15-07:00,0,12
style.css,146,css,806dced1,SC450,2025-05-02,23:41:15,-07:00,2025-05-02T23:41:15-07:00,0,21
style.css,147,css,806dced1,SC450,2025-05-02,23:41:15,-07:00,2025-05-02T23:41:15-07:00,0,12
style.css,148,css,806dced1,SC450,2025-05-02,23:41:15,-07:00,2025-05-02T23:41:15-07:00,0,13
style.css,149,css,806dced1,SC450,2025-05-02,23:41:15,-07:00,2025-05-02T23:41:15-07:00,0,18
style.css,150,css,806dced1,SC450,2025-05-02,23:41:15,-07:00,2025-05-02T23:41:15-07:00,0,19
style.css,151,css,806dced1,SC450,2025-05-02,23:41:15,-07:00,2025-05-02T23:41:15-07:00,0,30
style.css,152,css,806dced1,SC450,2025-05-02,23:41:15,-07:00,2025-05-02T23:41:15-07:00,0,19
style.css,153,css,806dced1,SC450,2025-05-02,23:41:15,-07:00,2025-05-02T23:41:15-07:00,0,0
style.css,154,css,806dced1,SC450,2025-05-02,23:41:15,-07:00,2025-05-02T23:41:15-07:00,0,0
style.css,155,css,806dced1,SC450,2025-05-02,23:41:15,-07:00,2025-05-02T23:41:15-07:00,0,15
style.css,156,css,806dced1,SC450,2025-05-02,23:41:15,-07:00,2025-05-02T23:41:15-07:00,0,13
style.css,157,css,806dced1,SC450,2025-05-02,23:41:15,-07:00,2025-05-02T23:41:15-07:00,0,19
style.css,158,css,806dced1,SC450,2025-05-02,23:41:15,-07:00,2025-05-02T23:41:15-07:00,0,0
style.css,159,css,806dced1,SC450,2025-05-02,23:41:15,-07:00,2025-05-02T23:41:15-07:00,0,0
style.css,160,css,806dced1,SC450,2025-05-02,23:41:15,-07:00,2025-05-02T23:41:15-07:00,0,10
style.css,161,css,806dced1,SC450,2025-05-02,23:41:15,-07:00,2025-05-02T23:41:15-07:00,0,13
style.css,162,css,806dced1,SC450,2025-05-02,23:41:15,-07:00,2025-05-02T23:41:15-07:00,0,59
style.css,163,css,806dced1,SC450,2025-05-02,23:41:15,-07:00,2025-05-02T23:41:15-07:00,0,22
style.css,164,css,806dced1,SC450,2025-05-02,23:41:15,-07:00,2025-05-02T23:41:15-07:00,0,12
style.css,165,css,806dced1,SC450,2025-05-02,23:41:15,-07:00,2025-05-02T23:41:15-07:00,0,13
style.css,166,css,806dced1,SC450,2025-05-02,23:41:15,-07:00,2025-05-02T23:41:15-07:00,0,7
style.css,167,css,806dced1,SC450,2025-05-02,23:41:15,-07:00,2025-05-02T23:41:15-07:00,0,0
style.css,168,css,806dced1,SC450,2025-05-02,23:41:15,-07:00,2025-05-02T23:41:15-07:00,0,0
style.css,169,css,806dced1,SC450,2025-05-02,23:41:15,-07:00,2025-05-02T23:41:15-07:00,0,14
style.css,170,css,806dced1,SC450,2025-05-02,23:41:15,-07:00,2025-05-02T23:41:15-07:00,0,13
style.css,171,css,806dced1,SC450,2025-05-02,23:41:15,-07:00,2025-05-02T23:41:15-07:00,0,59
style.css,172,css,806dced1,SC450,2025-05-02,23:41:15,-07:00,2025-05-02T23:41:15-07:00,0,8
style.css,173,css,806dced1,SC450,2025-05-02,23:41:15,-07:00,2025-05-02T23:41:15-07:00,0,12
style.css,174,css,806dced1,SC450,2025-05-02,23:41:15,-07:00,2025-05-02T23:41:15-07:00,0,17
style.css,175,css,806dced1,SC450,2025-05-02,23:41:15,-07:00,2025-05-02T23:41:15-07:00,0,14
style.css,176,css,806dced1,SC450,2025-05-02,23:41:15,-07:00,2025-05-02T23:41:15-07:00,0,0
style.css,177,css,806dced1,SC450,2025-05-02,23:41:15,-07:00,2025-05-02T23:41:15-07:00,0,0
style.css,178,css,806dced1,SC450,2025-05-02,23:41:15,-07:00,2025-05-02T23:41:15-07:00,0,18
style.css,179,css,806dced1,SC450,2025-05-02,23:41:15,-07:00,2025-05-02T23:41:15-07:00,0,17
style.css,180,css,806dced1,SC450,2025-05-02,23:41:15,-07:00,2025-05-02T23:41:15-07:00,0,12
style.css,181,css,806dced1,SC450,2025-05-02,23:41:15,-07:00,2025-05-02T23:41:15-07:00,0,17
style.css,182,css,806dced1,SC450,2025-05-02,23:41:15,-07:00,2025-05-02T23:41:15-07:00,0,0
style.css,183,css,806dced1,SC450,2025-05-02,23:41:15,-07:00,2025-05-02T23:41:15-07:00,0,0
style.css,184,css,806dced1,SC450,2025-05-02,23:41:15,-07:00,2025-05-02T23:41:15-07:00,0,0
style.css,185,css,806dced1,SC450,2025-05-02,23:41:15,-07:00,2025-05-02T23:41:15-07:00,0,10
style.css,186,css,806dced1,SC450,2025-05-02,23:41:15,-07:00,2025-05-02T23:41:15-07:00,0,36
style.css,187,css,806dced1,SC450,2025-05-02,23:41:15,-07:00,2025-05-02T23:41:15-07:00,0,13
style.css,188,css,806dced1,SC450,2025-05-02,23:41:15,-07:00,2025-05-02T23:41:15-07:00,0,19
style.css,189,css,806dced1,SC450,2025-05-02,23:41:15,-07:00,2025-05-02T23:41:15-07:00,0,0
style.css,190,css,806dced1,SC450,2025-05-02,23:41:15,-07:00,2025-05-02T23:41:15-07:00,0,11
style.css,191,css,806dced1,SC450,2025-05-02,23:41:15,-07:00,2025-05-02T23:41:15-07:00,0,18
style.css,192,css,806dced1,SC450,2025-05-02,23:41:15,-07:00,2025-05-02T23:41:15-07:00,0,0
style.css,193,css,806dced1,SC450,2025-05-02,23:41:15,-07:00,2025-05-02T23:41:15-07:00,0,0
style.css,194,css,806dced1,SC450,2025-05-02,23:41:15,-07:00,2025-05-02T23:41:15-07:00,0,0
style.css,195,css,843fc5e1,SC450,2025-04-18,20:16:51,-07:00,2025-04-18T20:16:51-07:00,0,26
style.css,196,css,843fc5e1,SC450,2025-04-18,20:16:51,-07:00,2025-04-18T20:16:51-07:00,0,19
style.css,197,css,843fc5e1,SC450,2025-04-18,20:16:51,-07:00,2025-04-18T20:16:51-07:00,0,18
style.css,198,css,843fc5e1,SC450,2025-04-18,20:16:51,-07:00,2025-04-18T20:16:51-07:00,0,11
style.css,199,css,843fc5e1,SC450,2025-04-18,20:16:51,-07:00,2025-04-18T20:16:51-07:00,0,13
style.css,200,css,843fc5e1,SC450,2025-04-18,20:16:51,-07:00,2025-04-18T20:16:51-07:00,0,14
style.css,201,css,843fc5e1,SC450,2025-04-18,20:16:51,-07:00,2025-04-18T20:16:51-07:00,0,20
style.css,202,css,843fc5e1,SC450,2025-04-18,20:16:51,-07:00,2025-04-18T20:16:51-07:00,0,0
style.css,203,css,fac12194,SC450,2025-04-25,23:04:25,-07:00,2025-04-25T23:04:25-07:00,0,0
style.css,204,css,fac12194,SC450,2025-04-25,23:04:25,-07:00,2025-04-25T23:04:25-07:00,0,24
style.css,205,css,fac12194,SC450,2025-04-25,23:04:25,-07:00,2025-04-25T23:04:25-07:00,0,3
style.css,206,css,fac12194,SC450,2025-04-25,23:04:25,-07:00,2025-04-25T23:04:25-07:00,0,13
style.css,207,css,fac12194,SC450,2025-04-25,23:04:25,-07:00,2025-04-25T23:04:25-07:00,0,37
style.css,208,css,fac12194,SC450,2025-04-25,23:04:25,-07:00,2025-04-25T23:04:25-07:00,0,11
style.css,209,css,fac12194,SC450,2025-04-25,23:04:25,-07:00,2025-04-25T23:04:25-07:00,0,16
style.css,210,css,fac12194,SC450,2025-04-25,23:04:25,-07:00,2025-04-25T23:04:25-07:00,0,0
style.css,211,css,fac12194,SC450,2025-04-25,23:04:25,-07:00,2025-04-25T23:04:25-07:00,0,0
style.css,212,css,fac12194,SC450,2025-04-25,23:04:25,-07:00,2025-04-25T23:04:25-07:00,0,3
style.css,213,css,fac12194,SC450,2025-04-25,23:04:25,-07:00,2025-04-25T23:04:25-07:00,0,11
style.css,214,css,fac12194,SC450,2025-04-25,23:04:25,-07:00,2025-04-25T23:04:25-07:00,0,17
style.css,215,css,fac12194,SC450,2025-04-25,23:04:25,-07:00,2025-04-25T23:04:25-07:00,0,14
style.css,216,css,fac12194,SC450,2025-04-25,23:04:25,-07:00,2025-04-25T23:04:25-07:00,0,21
style.css,217,css,fac12194,SC450,2025-04-25,23:04:25,-07:00,2025-04-25T23:04:25-07:00,0,25
style.css,218,css,fac12194,SC450,2025-04-25,23:04:25,-07:00,2025-04-25T23:04:25-07:00,0,0
style.css,219,css,fac12194,SC450,2025-04-25,23:04:25,-07:00,2025-04-25T23:04:25-07:00,0,0
style.css,220,css,fac12194,SC450,2025-04-25,23:04:25,-07:00,2025-04-25T23:04:25-07:00,0,3
style.css,221,css,fac12194,SC450,2025-04-25,23:04:25,-07:00,2025-04-25T23:04:25-07:00,0,11
style.css,222,css,fac12194,SC450,2025-04-25,23:04:25,-07:00,2025-04-25T23:04:25-07:00,0,17
style.css,223,css,fac12194,SC450,2025-04-25,23:04:25,-07:00,2025-04-25T23:04:25-07:00,0,17
style.css,224,css,fac12194,SC450,2025-04-25,23:04:25,-07:00,2025-04-25T23:04:25-07:00,0,9
style.css,225,css,fac12194,SC450,2025-04-25,23:04:25,-07:00,2025-04-25T23:04:25-07:00,0,0
index.html,1,html,6e4a5fbb,SC450,2025-04-03,19:52:25,-07:00,2025-04-03T19:52:25-07:00,0,14
index.html,2,html,6e4a5fbb,SC450,2025-04-03,19:52:25,-07:00,2025-04-03T19:52:25-07:00,0,15
index.html,3,html,6e4a5fbb,SC450,2025-04-03,19:52:25,-07:00,2025-04-03T19:52:25-07:00,0,5
index.html,4,html,6e4a5fbb,SC450,2025-04-03,19:52:25,-07:00,2025-04-03T19:52:25-07:00,0,21
index.html,5,html,6e4a5fbb,SC450,2025-04-03,19:52:25,-07:00,2025-04-03T19:52:25-07:00,0,69
index.html,6,html,71ededbf,SC450,2025-04-03,20:18:30,-07:00,2025-04-03T20:18:30-07:00,0,39
index.html,7,html,91ec6474,SC450,2025-04-25,23:23:17,-07:00,2025-04-25T23:23:17-07:00,0,52
index.html,8,html,ad38c744,SC450,2025-04-25,23:36:53,-07:00,2025-04-25T23:36:53-07:00,0,49
index.html,9,html,6e4a5fbb,SC450,2025-04-03,19:52:25,-07:00,2025-04-03T19:52:25-07:00,0,54
index.html,10,html,6fb24958,SC450,2025-04-04,02:22:28,-07:00,2025-04-04T02:22:28-07:00,0,6
index.html,11,html,46c74c8f,SC450,2025-04-11,13:41:05,-07:00,2025-04-11T13:41:05-07:00,0,2
index.html,12,html,46c74c8f,SC450,2025-04-11,13:41:05,-07:00,2025-04-11T13:41:05-07:00,0,15
index.html,13,html,46c74c8f,SC450,2025-04-11,13:41:05,-07:00,2025-04-11T13:41:05-07:00,0,0
index.html,14,html,6fb24958,SC450,2025-04-04,02:22:28,-07:00,2025-04-04T02:22:28-07:00,0,7
index.html,15,html,6e4a5fbb,SC450,2025-04-03,19:52:25,-07:00,2025-04-03T19:52:25-07:00,0,6
index.html,16,html,6e4a5fbb,SC450,2025-04-03,19:52:25,-07:00,2025-04-03T19:52:25-07:00,0,5
index.html,17,html,a6914553,SC450,2025-04-18,21:21:54,-07:00,2025-04-18T21:21:54-07:00,0,4
index.html,18,html,434cea15,SC450,2025-04-11,01:45:45,-07:00,2025-04-11T01:45:45-07:00,0,34
index.html,19,html,434cea15,SC450,2025-04-11,01:45:45,-07:00,2025-04-11T01:45:45-07:00,0,43
index.html,20,html,434cea15,SC450,2025-04-11,01:45:45,-07:00,2025-04-11T01:45:45-07:00,0,41
index.html,21,html,434cea15,SC450,2025-04-11,01:45:45,-07:00,2025-04-11T01:45:45-07:00,0,39
index.html,22,html,00000000,Not Committed Yet,2025-05-09,17:35:13,-07:00,2025-05-09T17:35:13-07:00,0,38
index.html,23,html,434cea15,SC450,2025-04-11,01:45:45,-07:00,2025-04-11T01:45:45-07:00,0,72
index.html,24,html,a6914553,SC450,2025-04-18,21:21:54,-07:00,2025-04-18T21:21:54-07:00,0,5
index.html,25,html,a6914553,SC450,2025-04-18,21:21:54,-07:00,2025-04-18T21:21:54-07:00,0,19
index.html,26,html,6e4a5fbb,SC450,2025-04-03,19:52:25,-07:00,2025-04-03T19:52:25-07:00,0,211
index.html,27,html,fac12194,SC450,2025-04-25,23:04:25,-07:00,2025-04-25T23:04:25-07:00,0,23
index.html,28,html,fac12194,SC450,2025-04-25,23:04:25,-07:00,2025-04-25T23:04:25-07:00,0,23
index.html,29,html,fac12194,SC450,2025-04-25,23:04:25,-07:00,2025-04-25T23:04:25-07:00,0,0
index.html,30,html,fac12194,SC450,2025-04-25,23:04:25,-07:00,2025-04-25T23:04:25-07:00,0,5
index.html,31,html,6fb24958,SC450,2025-04-04,02:22:28,-07:00,2025-04-04T02:22:28-07:00,0,192
index.html,32,html,6fb24958,SC450,2025-04-04,02:22:28,-07:00,2025-04-04T02:22:28-07:00,0,152
index.html,33,html,6e4a5fbb,SC450,2025-04-03,19:52:25,-07:00,2025-04-03T19:52:25-07:00,0,6
index.html,34,html,6e4a5fbb,SC450,2025-04-03,19:52:25,-07:00,2025-04-03T19:52:25-07:00,0,6
global.js,1,js,843fc5e1,SC450,2025-04-18,20:16:51,-07:00,2025-04-18T20:16:51-07:00,0,26
global.js,2,js,843fc5e1,SC450,2025-04-18,20:16:51,-07:00,2025-04-18T20:16:51-07:00,0,0
global.js,3,js,843fc5e1,SC450,2025-04-18,20:16:51,-07:00,2025-04-18T20:16:51-07:00,0,46
global.js,4,js,843fc5e1,SC450,2025-04-18,20:16:51,-07:00,2025-04-18T20:16:51-07:00,0,45
global.js,5,js,843fc5e1,SC450,2025-04-18,20:16:51,-07:00,2025-04-18T20:16:51-07:00,0,60
global.js,6,js,843fc5e1,SC450,2025-04-18,20:16:51,-07:00,2025-04-18T20:16:51-07:00,0,3
global.js,7,js,843fc5e1,SC450,2025-04-18,20:16:51,-07:00,2025-04-18T20:16:51-07:00,0,0
global.js,8,js,843fc5e1,SC450,2025-04-18,20:16:51,-07:00,2025-04-18T20:16:51-07:00,0,25
global.js,9,js,843fc5e1,SC450,2025-04-18,20:16:51,-07:00,2025-04-18T20:16:51-07:00,0,29
global.js,10,js,843fc5e1,SC450,2025-04-18,20:16:51,-07:00,2025-04-18T20:16:51-07:00,0,34
global.js,11,js,843fc5e1,SC450,2025-04-18,20:16:51,-07:00,2025-04-18T20:16:51-07:00,0,74
global.js,12,js,843fc5e1,SC450,2025-04-18,20:16:51,-07:00,2025-04-18T20:16:51-07:00,0,4
global.js,13,js,843fc5e1,SC450,2025-04-18,20:16:51,-07:00,2025-04-18T20:16:51-07:00,0,0
global.js,14,js,843fc5e1,SC450,2025-04-18,20:16:51,-07:00,2025-04-18T20:16:51-07:00,0,46
global.js,15,js,843fc5e1,SC450,2025-04-18,20:16:51,-07:00,2025-04-18T20:16:51-07:00,0,40
global.js,16,js,843fc5e1,SC450,2025-04-18,20:16:51,-07:00,2025-04-18T20:16:51-07:00,0,0
global.js,17,js,843fc5e1,SC450,2025-04-18,20:16:51,-07:00,2025-04-18T20:16:51-07:00,0,52
global.js,18,js,a6914553,SC450,2025-04-18,21:21:54,-07:00,2025-04-18T21:21:54-07:00,0,15
global.js,19,js,a6914553,SC450,2025-04-18,21:21:54,-07:00,2025-04-18T21:21:54-07:00,0,34
global.js,20,js,a6914553,SC450,2025-04-18,21:21:54,-07:00,2025-04-18T21:21:54-07:00,0,47
global.js,21,js,a6914553,SC450,2025-04-18,21:21:54,-07:00,2025-04-18T21:21:54-07:00,0,45
global.js,22,js,a6914553,SC450,2025-04-18,21:21:54,-07:00,2025-04-18T21:21:54-07:00,0,43
global.js,23,js,a6914553,SC450,2025-04-18,21:21:54,-07:00,2025-04-18T21:21:54-07:00,0,56
global.js,24,js,a6914553,SC450,2025-04-18,21:21:54,-07:00,2025-04-18T21:21:54-07:00,0,4
global.js,25,js,a6914553,SC450,2025-04-18,21:21:54,-07:00,2025-04-18T21:21:54-07:00,0,0
global.js,26,js,a6914553,SC450,2025-04-18,21:21:54,-07:00,2025-04-18T21:21:54-07:00,0,32
global.js,27,js,a6914553,SC450,2025-04-18,21:21:54,-07:00,2025-04-18T21:21:54-07:00,0,52
global.js,28,js,a6914553,SC450,2025-04-18,21:21:54,-07:00,2025-04-18T21:21:54-07:00,0,3
global.js,29,js,a6914553,SC450,2025-04-18,21:21:54,-07:00,2025-04-18T21:21:54-07:00,0,0
global.js,30,js,a6914553,SC450,2025-04-18,21:21:54,-07:00,2025-04-18T21:21:54-07:00,0,53
global.js,31,js,a6914553,SC450,2025-04-18,21:21:54,-07:00,2025-04-18T21:21:54-07:00,0,0
global.js,32,js,a6914553,SC450,2025-04-18,21:21:54,-07:00,2025-04-18T21:21:54-07:00,0,42
global.js,33,js,a6914553,SC450,2025-04-18,21:21:54,-07:00,2025-04-18T21:21:54-07:00,0,29
global.js,34,js,a6914553,SC450,2025-04-18,21:21:54,-07:00,2025-04-18T21:21:54-07:00,0,0
global.js,35,js,a6914553,SC450,2025-04-18,21:21:54,-07:00,2025-04-18T21:21:54-07:00,0,24
global.js,36,js,a6914553,SC450,2025-04-18,21:21:54,-07:00,2025-04-18T21:21:54-07:00,0,42
global.js,37,js,a6914553,SC450,2025-04-18,21:21:54,-07:00,2025-04-18T21:21:54-07:00,0,21
global.js,38,js,a6914553,SC450,2025-04-18,21:21:54,-07:00,2025-04-18T21:21:54-07:00,0,30
global.js,39,js,a6914553,SC450,2025-04-18,21:21:54,-07:00,2025-04-18T21:21:54-07:00,0,29
global.js,40,js,a6914553,SC450,2025-04-18,21:21:54,-07:00,2025-04-18T21:21:54-07:00,0,0
global.js,41,js,a6914553,SC450,2025-04-18,21:21:54,-07:00,2025-04-18T21:21:54-07:00,0,41
global.js,42,js,a6914553,SC450,2025-04-18,21:21:54,-07:00,2025-04-18T21:21:54-07:00,0,62
global.js,43,js,a6914553,SC450,2025-04-18,21:21:54,-07:00,2025-04-18T21:21:54-07:00,0,30
global.js,44,js,a6914553,SC450,2025-04-18,21:21:54,-07:00,2025-04-18T21:21:54-07:00,0,66
global.js,45,js,a6914553,SC450,2025-04-18,21:21:54,-07:00,2025-04-18T21:21:54-07:00,0,7
global.js,46,js,a6914553,SC450,2025-04-18,21:21:54,-07:00,2025-04-18T21:21:54-07:00,0,0
global.js,47,js,a6914553,SC450,2025-04-18,21:21:54,-07:00,2025-04-18T21:21:54-07:00,0,43
global.js,48,js,a6914553,SC450,2025-04-18,21:21:54,-07:00,2025-04-18T21:21:54-07:00,0,37
global.js,49,js,a6914553,SC450,2025-04-18,21:21:54,-07:00,2025-04-18T21:21:54-07:00,0,51
global.js,50,js,a6914553,SC450,2025-04-18,21:21:54,-07:00,2025-04-18T21:21:54-07:00,0,41
global.js,51,js,a6914553,SC450,2025-04-18,21:21:54,-07:00,2025-04-18T21:21:54-07:00,0,41
global.js,52,js,a6914553,SC450,2025-04-18,21:21:54,-07:00,2025-04-18T21:21:54-07:00,0,11
global.js,53,js,a6914553,SC450,2025-04-18,21:21:54,-07:00,2025-04-18T21:21:54-07:00,0,7
global.js,54,js,a6914553,SC450,2025-04-18,21:21:54,-07:00,2025-04-18T21:21:54-07:00,0,0
global.js,55,js,a6914553,SC450,2025-04-18,21:21:54,-07:00,2025-04-18T21:21:54-07:00,0,25
global.js,56,js,a6914553,SC450,2025-04-18,21:21:54,-07:00,2025-04-18T21:21:54-07:00,0,3
global.js,57,js,843fc5e1,SC450,2025-04-18,20:16:51,-07:00,2025-04-18T20:16:51-07:00,0,0
global.js,58,js,843fc5e1,SC450,2025-04-18,20:16:51,-07:00,2025-04-18T20:16:51-07:00,0,20
global.js,59,js,843fc5e1,SC450,2025-04-18,20:16:51,-07:00,2025-04-18T20:16:51-07:00,0,32
global.js,60,js,843fc5e1,SC450,2025-04-18,20:16:51,-07:00,2025-04-18T20:16:51-07:00,0,12
global.js,61,js,843fc5e1,SC450,2025-04-18,20:16:51,-07:00,2025-04-18T20:16:51-07:00,0,0
global.js,62,js,843fc5e1,SC450,2025-04-18,20:16:51,-07:00,2025-04-18T20:16:51-07:00,0,27
global.js,63,js,843fc5e1,SC450,2025-04-18,20:16:51,-07:00,2025-04-18T20:16:51-07:00,0,5
global.js,64,js,843fc5e1,SC450,2025-04-18,20:16:51,-07:00,2025-04-18T20:16:51-07:00,0,7
global.js,65,js,843fc5e1,SC450,2025-04-18,20:16:51,-07:00,2025-04-18T20:16:51-07:00,0,25
global.js,66,js,843fc5e1,SC450,2025-04-18,20:16:51,-07:00,2025-04-18T20:16:51-07:00,0,21
global.js,67,js,843fc5e1,SC450,2025-04-18,20:16:51,-07:00,2025-04-18T20:16:51-07:00,0,20
global.js,68,js,843fc5e1,SC450,2025-04-18,20:16:51,-07:00,2025-04-18T20:16:51-07:00,0,8
global.js,69,js,843fc5e1,SC450,2025-04-18,20:16:51,-07:00,2025-04-18T20:16:51-07:00,0,9
global.js,70,js,843fc5e1,SC450,2025-04-18,20:16:51,-07:00,2025-04-18T20:16:51-07:00,0,1
global.js,71,js,843fc5e1,SC450,2025-04-18,20:16:51,-07:00,2025-04-18T20:16:51-07:00,0,0
global.js,72,js,843fc5e1,SC450,2025-04-18,20:16:51,-07:00,2025-04-18T20:16:51-07:00,0,24
global.js,73,js,843fc5e1,SC450,2025-04-18,20:16:51,-07:00,2025-04-18T20:16:51-07:00,0,45
global.js,74,js,843fc5e1,SC450,2025-04-18,20:16:51,-07:00,2025-04-18T20:16:51-07:00,0,0
global.js,75,js,843fc5e1,SC450,2025-04-18,20:16:51,-07:00,2025-04-18T20:16:51-07:00,0,43
global.js,76,js,843fc5e1,SC450,2025-04-18,20:16:51,-07:00,2025-04-18T20:16:51-07:00,0,50
global.js,77,js,843fc5e1,SC450,2025-04-18,20:16:51,-07:00,2025-04-18T20:16:51-07:00,0,58
global.js,78,js,843fc5e1,SC450,2025-04-18,20:16:51,-07:00,2025-04-18T20:16:51-07:00,0,78
global.js,79,js,843fc5e1,SC450,2025-04-18,20:16:51,-07:00,2025-04-18T20:16:51-07:00,0,56
global.js,80,js,843fc5e1,SC450,2025-04-18,20:16:51,-07:00,2025-04-18T20:16:51-07:00,0,2
global.js,81,js,843fc5e1,SC450,2025-04-18,20:16:51,-07:00,2025-04-18T20:16:51-07:00,0,0
global.js,82,js,843fc5e1,SC450,2025-04-18,20:16:51,-07:00,2025-04-18T20:16:51-07:00,0,53
global.js,83,js,843fc5e1,SC450,2025-04-18,20:16:51,-07:00,2025-04-18T20:16:51-07:00,0,42
global.js,84,js,843fc5e1,SC450,2025-04-18,20:16:51,-07:00,2025-04-18T20:16:51-07:00,0,96
global.js,85,js,843fc5e1,SC450,2025-04-18,20:16:51,-07:00,2025-04-18T20:16:51-07:00,0,51
global.js,86,js,843fc5e1,SC450,2025-04-18,20:16:51,-07:00,2025-04-18T20:16:51-07:00,0,0
global.js,87,js,843fc5e1,SC450,2025-04-18,20:16:51,-07:00,2025-04-18T20:16:51-07:00,0,2
global.js,88,js,843fc5e1,SC450,2025-04-18,20:16:51,-07:00,2025-04-18T20:16:51-07:00,0,0
global.js,89,js,fac12194,SC450,2025-04-25,23:04:25,-07:00,2025-04-25T23:04:25-07:00,0,32
global.js,90,js,fac12194,SC450,2025-04-25,23:04:25,-07:00,2025-04-25T23:04:25-07:00,0,37
global.js,91,js,fac12194,SC450,2025-04-25,23:04:25,-07:00,2025-04-25T23:04:25-07:00,0,4
global.js,92,js,fac12194,SC450,2025-04-25,23:04:25,-07:00,2025-04-25T23:04:25-07:00,0,40
global.js,93,js,fac12194,SC450,2025-04-25,23:04:25,-07:00,2025-04-25T23:04:25-07:00,0,33
global.js,94,js,fac12194,SC450,2025-04-25,23:04:25,-07:00,2025-04-25T23:04:25-07:00,0,0
global.js,95,js,fac12194,SC450,2025-04-25,23:04:25,-07:00,2025-04-25T23:04:25-07:00,0,29
global.js,96,js,fac12194,SC450,2025-04-25,23:04:25,-07:00,2025-04-25T23:04:25-07:00,0,18
global.js,97,js,fac12194,SC450,2025-04-25,23:04:25,-07:00,2025-04-25T23:04:25-07:00,0,67
global.js,98,js,fac12194,SC450,2025-04-25,23:04:25,-07:00,2025-04-25T23:04:25-07:00,0,0
global.js,99,js,fac12194,SC450,2025-04-25,23:04:25,-07:00,2025-04-25T23:04:25-07:00,0,21
global.js,100,js,fac12194,SC450,2025-04-25,23:04:25,-07:00,2025-04-25T23:04:25-07:00,0,0
global.js,101,js,fac12194,SC450,2025-04-25,23:04:25,-07:00,2025-04-25T23:04:25-07:00,0,20
global.js,102,js,fac12194,SC450,2025-04-25,23:04:25,-07:00,2025-04-25T23:04:25-07:00,0,34
global.js,103,js,fac12194,SC450,2025-04-25,23:04:25,-07:00,2025-04-25T23:04:25-07:00,0,11
global.js,104,js,fac12194,SC450,2025-04-25,23:04:25,-07:00,2025-04-25T23:04:25-07:00,0,16
global.js,105,js,fac12194,SC450,2025-04-25,23:04:25,-07:00,2025-04-25T23:04:25-07:00,0,60
global.js,106,js,fac12194,SC450,2025-04-25,23:04:25,-07:00,2025-04-25T23:04:25-07:00,0,0
global.js,107,js,fac12194,SC450,2025-04-25,23:04:25,-07:00,2025-04-25T23:04:25-07:00,0,0
global.js,108,js,fac12194,SC450,2025-04-25,23:04:25,-07:00,2025-04-25T23:04:25-07:00,0,0
global.js,109,js,fac12194,SC450,2025-04-25,23:04:25,-07:00,2025-04-25T23:04:25-07:00,0,29
global.js,110,js,fac12194,SC450,2025-04-25,23:04:25,-07:00,2025-04-25T23:04:25-07:00,0,80
global.js,111,js,fac12194,SC450,2025-04-25,23:04:25,-07:00,2025-04-25T23:04:25-07:00,0,21
global.js,112,js,fac12194,SC450,2025-04-25,23:04:25,-07:00,2025-04-25T23:04:25-07:00,0,31
global.js,113,js,fac12194,SC450,2025-04-25,23:04:25,-07:00,2025-04-25T23:04:25-07:00,0,0
global.js,114,js,fac12194,SC450,2025-04-25,23:04:25,-07:00,2025-04-25T23:04:25-07:00,0,48
global.js,115,js,fac12194,SC450,2025-04-25,23:04:25,-07:00,2025-04-25T23:04:25-07:00,0,50
global.js,116,js,fac12194,SC450,2025-04-25,23:04:25,-07:00,2025-04-25T23:04:25-07:00,0,0
global.js,117,js,fac12194,SC450,2025-04-25,23:04:25,-07:00,2025-04-25T23:04:25-07:00,0,56
global.js,118,js,fac12194,SC450,2025-04-25,23:04:25,-07:00,2025-04-25T23:04:25-07:00,0,32
global.js,119,js,fac12194,SC450,2025-04-25,23:04:25,-07:00,2025-04-25T23:04:25-07:00,0,56
global.js,120,js,fac12194,SC450,2025-04-25,23:04:25,-07:00,2025-04-25T23:04:25-07:00,0,0
global.js,121,js,fac12194,SC450,2025-04-25,23:04:25,-07:00,2025-04-25T23:04:25-07:00,0,27
global.js,122,js,fac12194,SC450,2025-04-25,23:04:25,-07:00,2025-04-25T23:04:25-07:00,0,50
global.js,123,js,fac12194,SC450,2025-04-25,23:04:25,-07:00,2025-04-25T23:04:25-07:00,0,50
global.js,124,js,806dced1,SC450,2025-05-02,23:41:15,-07:00,2025-05-02T23:41:15-07:00,0,4
global.js,125,js,806dced1,SC450,2025-05-02,23:41:15,-07:00,2025-05-02T23:41:15-07:00,0,28
global.js,126,js,806dced1,SC450,2025-05-02,23:41:15,-07:00,2025-05-02T23:41:15-07:00,0,50
global.js,127,js,806dced1,SC450,2025-05-02,23:41:15,-07:00,2025-05-02T23:41:15-07:00,0,5
global.js,128,js,fac12194,SC450,2025-04-25,23:04:25,-07:00,2025-04-25T23:04:25-07:00,0,1
global.js,129,js,fac12194,SC450,2025-04-25,23:04:25,-07:00,2025-04-25T23:04:25-07:00,0,0
global.js,130,js,fac12194,SC450,2025-04-25,23:04:25,-07:00,2025-04-25T23:04:25-07:00,0,52
global.js,131,js,fac12194,SC450,2025-04-25,23:04:25,-07:00,2025-04-25T23:04:25-07:00,0,36
global.js,132,js,fac12194,SC450,2025-04-25,23:04:25,-07:00,2025-04-25T23:04:25-07:00,0,0
global.js,133,js,fac12194,SC450,2025-04-25,23:04:25,-07:00,2025-04-25T23:04:25-07:00,0,0
global.js,134,js,fac12194,SC450,2025-04-25,23:04:25,-07:00,2025-04-25T23:04:25-07:00,0,38
global.js,135,js,fac12194,SC450,2025-04-25,23:04:25,-07:00,2025-04-25T23:04:25-07:00,0,38
global.js,136,js,fac12194,SC450,2025-04-25,23:04:25,-07:00,2025-04-25T23:04:25-07:00,0,0
global.js,137,js,fac12194,SC450,2025-04-25,23:04:25,-07:00,2025-04-25T23:04:25-07:00,0,0
global.js,138,js,fac12194,SC450,2025-04-25,23:04:25,-07:00,2025-04-25T23:04:25-07:00,0,24
global.js,139,js,fac12194,SC450,2025-04-25,23:04:25,-07:00,2025-04-25T23:04:25-07:00,0,48
global.js,140,js,fac12194,SC450,2025-04-25,23:04:25,-07:00,2025-04-25T23:04:25-07:00,0,60
global.js,141,js,fac12194,SC450,2025-04-25,23:04:25,-07:00,2025-04-25T23:04:25-07:00,0,0
resume/index.html,1,html,6fb24958,SC450,2025-04-04,02:22:28,-07:00,2025-04-04T02:22:28-07:00,0,14
resume/index.html,2,html,6fb24958,SC450,2025-04-04,02:22:28,-07:00,2025-04-04T02:22:28-07:00,0,15
resume/index.html,3,html,6fb24958,SC450,2025-04-04,02:22:28,-07:00,2025-04-04T02:22:28-07:00,0,5
resume/index.html,4,html,6fb24958,SC450,2025-04-04,02:22:28,-07:00,2025-04-04T02:22:28-07:00,0,21
resume/index.html,5,html,6fb24958,SC450,2025-04-04,02:22:28,-07:00,2025-04-04T02:22:28-07:00,0,69
resume/index.html,6,html,6fb24958,SC450,2025-04-04,02:22:28,-07:00,2025-04-04T02:22:28-07:00,0,42
resume/index.html,7,html,fac12194,SC450,2025-04-25,23:04:25,-07:00,2025-04-25T23:04:25-07:00,0,49
resume/index.html,8,html,6fb24958,SC450,2025-04-04,02:22:28,-07:00,2025-04-04T02:22:28-07:00,0,6
resume/index.html,9,html,46c74c8f,SC450,2025-04-11,13:41:05,-07:00,2025-04-11T13:41:05-07:00,0,3
resume/index.html,10,html,46c74c8f,SC450,2025-04-11,13:41:05,-07:00,2025-04-11T13:41:05-07:00,0,18
resume/index.html,11,html,6fb24958,SC450,2025-04-04,02:22:28,-07:00,2025-04-04T02:22:28-07:00,0,18
resume/index.html,12,html,46c74c8f,SC450,2025-04-11,13:41:05,-07:00,2025-04-11T13:41:05-07:00,0,15
resume/index.html,13,html,46c74c8f,SC450,2025-04-11,13:41:05,-07:00,2025-04-11T13:41:05-07:00,0,23
resume/index.html,14,html,46c74c8f,SC450,2025-04-11,13:41:05,-07:00,2025-04-11T13:41:05-07:00,0,0
resume/index.html,15,html,46c74c8f,SC450,2025-04-11,13:41:05,-07:00,2025-04-11T13:41:05-07:00,0,3
resume/index.html,16,html,46c74c8f,SC450,2025-04-11,13:41:05,-07:00,2025-04-11T13:41:05-07:00,0,18
resume/index.html,17,html,46c74c8f,SC450,2025-04-11,13:41:05,-07:00,2025-04-11T13:41:05-07:00,0,23
resume/index.html,18,html,46c74c8f,SC450,2025-04-11,13:41:05,-07:00,2025-04-11T13:41:05-07:00,0,5
resume/index.html,19,html,46c74c8f,SC450,2025-04-11,13:41:05,-07:00,2025-04-11T13:41:05-07:00,0,16
resume/index.html,20,html,46c74c8f,SC450,2025-04-11,13:41:05,-07:00,2025-04-11T13:41:05-07:00,0,0
resume/index.html,21,html,46c74c8f,SC450,2025-04-11,13:41:05,-07:00,2025-04-11T13:41:05-07:00,0,0
resume/index.html,22,html,46c74c8f,SC450,2025-04-11,13:41:05,-07:00,2025-04-11T13:41:05-07:00,0,2
resume/index.html,23,html,46c74c8f,SC450,2025-04-11,13:41:05,-07:00,2025-04-11T13:41:05-07:00,0,18
resume/index.html,24,html,46c74c8f,SC450,2025-04-11,13:41:05,-07:00,2025-04-11T13:41:05-07:00,0,16
resume/index.html,25,html,46c74c8f,SC450,2025-04-11,13:41:05,-07:00,2025-04-11T13:41:05-07:00,0,23
resume/index.html,26,html,46c74c8f,SC450,2025-04-11,13:41:05,-07:00,2025-04-11T13:41:05-07:00,0,0
resume/index.html,27,html,46c74c8f,SC450,2025-04-11,13:41:05,-07:00,2025-04-11T13:41:05-07:00,0,5
resume/index.html,28,html,46c74c8f,SC450,2025-04-11,13:41:05,-07:00,2025-04-11T13:41:05-07:00,0,19
resume/index.html,29,html,46c74c8f,SC450,2025-04-11,13:41:05,-07:00,2025-04-11T13:41:05-07:00,0,0
resume/index.html,30,html,6fb24958,SC450,2025-04-04,02:22:28,-07:00,2025-04-04T02:22:28-07:00,0,8
resume/index.html,31,html,46c74c8f,SC450,2025-04-11,13:41:05,-07:00,2025-04-11T13:41:05-07:00,0,18
resume/index.html,32,html,46c74c8f,SC450,2025-04-11,13:41:05,-07:00,2025-04-11T13:41:05-07:00,0,17
resume/index.html,33,html,46c74c8f,SC450,2025-04-11,13:41:05,-07:00,2025-04-11T13:41:05-07:00,0,23
resume/index.html,34,html,6fb24958,SC450,2025-04-04,02:22:28,-07:00,2025-04-04T02:22:28-07:00,0,0
resume/index.html,35,html,6fb24958,SC450,2025-04-04,02:22:28,-07:00,2025-04-04T02:22:28-07:00,0,7
resume/index.html,36,html,6fb24958,SC450,2025-04-04,02:22:28,-07:00,2025-04-04T02:22:28-07:00,0,33
resume/index.html,37,html,6fb24958,SC450,2025-04-04,02:22:28,-07:00,2025-04-04T02:22:28-07:00,0,6
resume/index.html,38,html,6fb24958,SC450,2025-04-04,02:22:28,-07:00,2025-04-04T02:22:28-07:00,0,5
resume/index.html,39,html,a6914553,SC450,2025-04-18,21:21:54,-07:00,2025-04-18T21:21:54-07:00,0,4
resume/index.html,40,html,434cea15,SC450,2025-04-11,01:45:45,-07:00,2025-04-11T01:45:45-07:00,0,33
resume/index.html,41,html,434cea15,SC450,2025-04-11,01:45:45,-07:00,2025-04-11T01:45:45-07:00,0,46
resume/index.html,42,html,434cea15,SC450,2025-04-11,01:45:45,-07:00,2025-04-11T01:45:45-07:00,0,44
resume/index.html,43,html,434cea15,SC450,2025-04-11,01:45:45,-07:00,2025-04-11T01:45:45-07:00,0,46
resume/index.html,44,html,00000000,Not Committed Yet,2025-05-09,17:35:13,-07:00,2025-05-09T17:35:13-07:00,0,38
resume/index.html,45,html,434cea15,SC450,2025-04-11,01:45:45,-07:00,2025-04-11T01:45:45-07:00,0,72
resume/index.html,46,html,a6914553,SC450,2025-04-18,21:21:54,-07:00,2025-04-18T21:21:54-07:00,0,5
resume/index.html,47,html,a6914553,SC450,2025-04-18,21:21:54,-07:00,2025-04-18T21:21:54-07:00,0,14
resume/index.html,48,html,46c74c8f,SC450,2025-04-11,13:41:05,-07:00,2025-04-11T13:41:05-07:00,0,8
resume/index.html,49,html,46c74c8f,SC450,2025-04-11,13:41:05,-07:00,2025-04-11T13:41:05-07:00,0,8
resume/index.html,50,html,46c74c8f,SC450,2025-04-11,13:41:05,-07:00,2025-04-11T13:41:05-07:00,0,19
resume/index.html,51,html,46c74c8f,SC450,2025-04-11,13:41:05,-07:00,2025-04-11T13:41:05-07:00,0,34
resume/index.html,52,html,46c74c8f,SC450,2025-04-11,13:41:05,-07:00,2025-04-11T13:41:05-07:00,0,150
resume/index.html,53,html,46c74c8f,SC450,2025-04-11,13:41:05,-07:00,2025-04-11T13:41:05-07:00,0,9
resume/index.html,54,html,46c74c8f,SC450,2025-04-11,13:41:05,-07:00,2025-04-11T13:41:05-07:00,0,8
resume/index.html,55,html,46c74c8f,SC450,2025-04-11,13:41:05,-07:00,2025-04-11T13:41:05-07:00,0,30
resume/index.html,56,html,46c74c8f,SC450,2025-04-11,13:41:05,-07:00,2025-04-11T13:41:05-07:00,0,3
resume/index.html,57,html,46c74c8f,SC450,2025-04-11,13:41:05,-07:00,2025-04-11T13:41:05-07:00,0,8
resume/index.html,58,html,46c74c8f,SC450,2025-04-11,13:41:05,-07:00,2025-04-11T13:41:05-07:00,0,7
resume/index.html,59,html,46c74c8f,SC450,2025-04-11,13:41:05,-07:00,2025-04-11T13:41:05-07:00,0,59
resume/index.html,60,html,46c74c8f,SC450,2025-04-11,13:41:05,-07:00,2025-04-11T13:41:05-07:00,0,47
resume/index.html,61,html,46c74c8f,SC450,2025-04-11,13:41:05,-07:00,2025-04-11T13:41:05-07:00,0,24
resume/index.html,62,html,46c74c8f,SC450,2025-04-11,13:41:05,-07:00,2025-04-11T13:41:05-07:00,0,5
resume/index.html,63,html,46c74c8f,SC450,2025-04-11,13:41:05,-07:00,2025-04-11T13:41:05-07:00,0,59
resume/index.html,64,html,46c74c8f,SC450,2025-04-11,13:41:05,-07:00,2025-04-11T13:41:05-07:00,0,69
resume/index.html,65,html,46c74c8f,SC450,2025-04-11,13:41:05,-07:00,2025-04-11T13:41:05-07:00,0,39
resume/index.html,66,html,46c74c8f,SC450,2025-04-11,13:41:05,-07:00,2025-04-11T13:41:05-07:00,0,5
resume/index.html,67,html,46c74c8f,SC450,2025-04-11,13:41:05,-07:00,2025-04-11T13:41:05-07:00,0,56
resume/index.html,68,html,46c74c8f,SC450,2025-04-11,13:41:05,-07:00,2025-04-11T13:41:05-07:00,0,21
resume/index.html,69,html,46c74c8f,SC450,2025-04-11,13:41:05,-07:00,2025-04-11T13:41:05-07:00,0,5
resume/index.html,70,html,46c74c8f,SC450,2025-04-11,13:41:05,-07:00,2025-04-11T13:41:05-07:00,0,8
resume/index.html,71,html,46c74c8f,SC450,2025-04-11,13:41:05,-07:00,2025-04-11T13:41:05-07:00,0,9
resume/index.html,72,html,46c74c8f,SC450,2025-04-11,13:41:05,-07:00,2025-04-11T13:41:05-07:00,0,9
resume/index.html,73,html,46c74c8f,SC450,2025-04-11,13:41:05,-07:00,2025-04-11T13:41:05-07:00,0,8
resume/index.html,74,html,46c74c8f,SC450,2025-04-11,13:41:05,-07:00,2025-04-11T13:41:05-07:00,0,29
resume/index.html,75,html,46c74c8f,SC450,2025-04-11,13:41:05,-07:00,2025-04-11T13:41:05-07:00,0,3
resume/index.html,76,html,46c74c8f,SC450,2025-04-11,13:41:05,-07:00,2025-04-11T13:41:05-07:00,0,8
resume/index.html,77,html,46c74c8f,SC450,2025-04-11,13:41:05,-07:00,2025-04-11T13:41:05-07:00,0,131
resume/index.html,78,html,46c74c8f,SC450,2025-04-11,13:41:05,-07:00,2025-04-11T13:41:05-07:00,0,3
resume/index.html,79,html,46c74c8f,SC450,2025-04-11,13:41:05,-07:00,2025-04-11T13:41:05-07:00,0,237
resume/index.html,80,html,46c74c8f,SC450,2025-04-11,13:41:05,-07:00,2025-04-11T13:41:05-07:00,0,117
resume/index.html,81,html,46c74c8f,SC450,2025-04-11,13:41:05,-07:00,2025-04-11T13:41:05-07:00,0,110
resume/index.html,82,html,46c74c8f,SC450,2025-04-11,13:41:05,-07:00,2025-04-11T13:41:05-07:00,0,4
resume/index.html,83,html,46c74c8f,SC450,2025-04-11,13:41:05,-07:00,2025-04-11T13:41:05-07:00,0,9
resume/index.html,84,html,46c74c8f,SC450,2025-04-11,13:41:05,-07:00,2025-04-11T13:41:05-07:00,0,8
resume/index.html,85,html,46c74c8f,SC450,2025-04-11,13:41:05,-07:00,2025-04-11T13:41:05-07:00,0,135
resume/index.html,86,html,46c74c8f,SC450,2025-04-11,13:41:05,-07:00,2025-04-11T13:41:05-07:00,0,3
resume/index.html,87,html,46c74c8f,SC450,2025-04-11,13:41:05,-07:00,2025-04-11T13:41:05-07:00,0,190
resume/index.html,88,html,46c74c8f,SC450,2025-04-11,13:41:05,-07:00,2025-04-11T13:41:05-07:00,0,120
resume/index.html,89,html,46c74c8f,SC450,2025-04-11,13:41:05,-07:00,2025-04-11T13:41:05-07:00,0,121
resume/index.html,90,html,46c74c8f,SC450,2025-04-11,13:41:05,-07:00,2025-04-11T13:41:05-07:00,0,4
resume/index.html,91,html,46c74c8f,SC450,2025-04-11,13:41:05,-07:00,2025-04-11T13:41:05-07:00,0,9
resume/index.html,92,html,46c74c8f,SC450,2025-04-11,13:41:05,-07:00,2025-04-11T13:41:05-07:00,0,8
resume/index.html,93,html,46c74c8f,SC450,2025-04-11,13:41:05,-07:00,2025-04-11T13:41:05-07:00,0,114
resume/index.html,94,html,46c74c8f,SC450,2025-04-11,13:41:05,-07:00,2025-04-11T13:41:05-07:00,0,3
resume/index.html,95,html,46c74c8f,SC450,2025-04-11,13:41:05,-07:00,2025-04-11T13:41:05-07:00,0,234
resume/index.html,96,html,46c74c8f,SC450,2025-04-11,13:41:05,-07:00,2025-04-11T13:41:05-07:00,0,105
resume/index.html,97,html,46c74c8f,SC450,2025-04-11,13:41:05,-07:00,2025-04-11T13:41:05-07:00,0,121
resume/index.html,98,html,46c74c8f,SC450,2025-04-11,13:41:05,-07:00,2025-04-11T13:41:05-07:00,0,4
resume/index.html,99,html,46c74c8f,SC450,2025-04-11,13:41:05,-07:00,2025-04-11T13:41:05-07:00,0,9
resume/index.html,100,html,46c74c8f,SC450,2025-04-11,13:41:05,-07:00,2025-04-11T13:41:05-07:00,0,9
resume/index.html,101,html,46c74c8f,SC450,2025-04-11,13:41:05,-07:00,2025-04-11T13:41:05-07:00,0,8
resume/index.html,102,html,46c74c8f,SC450,2025-04-11,13:41:05,-07:00,2025-04-11T13:41:05-07:00,0,53
resume/index.html,103,html,46c74c8f,SC450,2025-04-11,13:41:05,-07:00,2025-04-11T13:41:05-07:00,0,3
resume/index.html,104,html,46c74c8f,SC450,2025-04-11,13:41:05,-07:00,2025-04-11T13:41:05-07:00,0,8
resume/index.html,105,html,46c74c8f,SC450,2025-04-11,13:41:05,-07:00,2025-04-11T13:41:05-07:00,0,7
resume/index.html,106,html,46c74c8f,SC450,2025-04-11,13:41:05,-07:00,2025-04-11T13:41:05-07:00,0,59
resume/index.html,107,html,46c74c8f,SC450,2025-04-11,13:41:05,-07:00,2025-04-11T13:41:05-07:00,0,24
resume/index.html,108,html,46c74c8f,SC450,2025-04-11,13:41:05,-07:00,2025-04-11T13:41:05-07:00,0,18
resume/index.html,109,html,46c74c8f,SC450,2025-04-11,13:41:05,-07:00,2025-04-11T13:41:05-07:00,0,5
resume/index.html,110,html,46c74c8f,SC450,2025-04-11,13:41:05,-07:00,2025-04-11T13:41:05-07:00,0,59
resume/index.html,111,html,46c74c8f,SC450,2025-04-11,13:41:05,-07:00,2025-04-11T13:41:05-07:00,0,31
resume/index.html,112,html,46c74c8f,SC450,2025-04-11,13:41:05,-07:00,2025-04-11T13:41:05-07:00,0,34
resume/index.html,113,html,46c74c8f,SC450,2025-04-11,13:41:05,-07:00,2025-04-11T13:41:05-07:00,0,5
resume/index.html,114,html,46c74c8f,SC450,2025-04-11,13:41:05,-07:00,2025-04-11T13:41:05-07:00,0,8
resume/index.html,115,html,46c74c8f,SC450,2025-04-11,13:41:05,-07:00,2025-04-11T13:41:05-07:00,0,3
resume/index.html,116,html,46c74c8f,SC450,2025-04-11,13:41:05,-07:00,2025-04-11T13:41:05-07:00,0,108
resume/index.html,117,html,46c74c8f,SC450,2025-04-11,13:41:05,-07:00,2025-04-11T13:41:05-07:00,0,119
resume/index.html,118,html,46c74c8f,SC450,2025-04-11,13:41:05,-07:00,2025-04-11T13:41:05-07:00,0,4
resume/index.html,119,html,46c74c8f,SC450,2025-04-11,13:41:05,-07:00,2025-04-11T13:41:05-07:00,0,9
resume/index.html,120,html,46c74c8f,SC450,2025-04-11,13:41:05,-07:00,2025-04-11T13:41:05-07:00,0,8
resume/index.html,121,html,46c74c8f,SC450,2025-04-11,13:41:05,-07:00,2025-04-11T13:41:05-07:00,0,7
resume/index.html,122,html,46c74c8f,SC450,2025-04-11,13:41:05,-07:00,2025-04-11T13:41:05-07:00,0,59
resume/index.html,123,html,46c74c8f,SC450,2025-04-11,13:41:05,-07:00,2025-04-11T13:41:05-07:00,0,22
resume/index.html,124,html,46c74c8f,SC450,2025-04-11,13:41:05,-07:00,2025-04-11T13:41:05-07:00,0,24
resume/index.html,125,html,46c74c8f,SC450,2025-04-11,13:41:05,-07:00,2025-04-11T13:41:05-07:00,0,5
resume/index.html,126,html,46c74c8f,SC450,2025-04-11,13:41:05,-07:00,2025-04-11T13:41:05-07:00,0,59
resume/index.html,127,html,46c74c8f,SC450,2025-04-11,13:41:05,-07:00,2025-04-11T13:41:05-07:00,0,31
resume/index.html,128,html,46c74c8f,SC450,2025-04-11,13:41:05,-07:00,2025-04-11T13:41:05-07:00,0,30
resume/index.html,129,html,46c74c8f,SC450,2025-04-11,13:41:05,-07:00,2025-04-11T13:41:05-07:00,0,5
resume/index.html,130,html,46c74c8f,SC450,2025-04-11,13:41:05,-07:00,2025-04-11T13:41:05-07:00,0,8
resume/index.html,131,html,46c74c8f,SC450,2025-04-11,13:41:05,-07:00,2025-04-11T13:41:05-07:00,0,3
resume/index.html,132,html,46c74c8f,SC450,2025-04-11,13:41:05,-07:00,2025-04-11T13:41:05-07:00,0,111
resume/index.html,133,html,46c74c8f,SC450,2025-04-11,13:41:05,-07:00,2025-04-11T13:41:05-07:00,0,90
resume/index.html,134,html,46c74c8f,SC450,2025-04-11,13:41:05,-07:00,2025-04-11T13:41:05-07:00,0,4
resume/index.html,135,html,46c74c8f,SC450,2025-04-11,13:41:05,-07:00,2025-04-11T13:41:05-07:00,0,9
resume/index.html,136,html,46c74c8f,SC450,2025-04-11,13:41:05,-07:00,2025-04-11T13:41:05-07:00,0,8
resume/index.html,137,html,46c74c8f,SC450,2025-04-11,13:41:05,-07:00,2025-04-11T13:41:05-07:00,0,7
resume/index.html,138,html,46c74c8f,SC450,2025-04-11,13:41:05,-07:00,2025-04-11T13:41:05-07:00,0,59
resume/index.html,139,html,46c74c8f,SC450,2025-04-11,13:41:05,-07:00,2025-04-11T13:41:05-07:00,0,21
resume/index.html,140,html,46c74c8f,SC450,2025-04-11,13:41:05,-07:00,2025-04-11T13:41:05-07:00,0,25
resume/index.html,141,html,46c74c8f,SC450,2025-04-11,13:41:05,-07:00,2025-04-11T13:41:05-07:00,0,5
resume/index.html,142,html,46c74c8f,SC450,2025-04-11,13:41:05,-07:00,2025-04-11T13:41:05-07:00,0,59
resume/index.html,143,html,46c74c8f,SC450,2025-04-11,13:41:05,-07:00,2025-04-11T13:41:05-07:00,0,31
resume/index.html,144,html,46c74c8f,SC450,2025-04-11,13:41:05,-07:00,2025-04-11T13:41:05-07:00,0,38
resume/index.html,145,html,46c74c8f,SC450,2025-04-11,13:41:05,-07:00,2025-04-11T13:41:05-07:00,0,5
resume/index.html,146,html,46c74c8f,SC450,2025-04-11,13:41:05,-07:00,2025-04-11T13:41:05-07:00,0,8
resume/index.html,147,html,46c74c8f,SC450,2025-04-11,13:41:05,-07:00,2025-04-11T13:41:05-07:00,0,3
resume/index.html,148,html,46c74c8f,SC450,2025-04-11,13:41:05,-07:00,2025-04-11T13:41:05-07:00,0,157
resume/index.html,149,html,46c74c8f,SC450,2025-04-11,13:41:05,-07:00,2025-04-11T13:41:05-07:00,0,116
resume/index.html,150,html,46c74c8f,SC450,2025-04-11,13:41:05,-07:00,2025-04-11T13:41:05-07:00,0,135
resume/index.html,151,html,46c74c8f,SC450,2025-04-11,13:41:05,-07:00,2025-04-11T13:41:05-07:00,0,4
resume/index.html,152,html,46c74c8f,SC450,2025-04-11,13:41:05,-07:00,2025-04-11T13:41:05-07:00,0,9
resume/index.html,153,html,46c74c8f,SC450,2025-04-11,13:41:05,-07:00,2025-04-11T13:41:05-07:00,0,9
resume/index.html,154,html,46c74c8f,SC450,2025-04-11,13:41:05,-07:00,2025-04-11T13:41:05-07:00,0,8
resume/index.html,155,html,46c74c8f,SC450,2025-04-11,13:41:05,-07:00,2025-04-11T13:41:05-07:00,0,27
resume/index.html,156,html,46c74c8f,SC450,2025-04-11,13:41:05,-07:00,2025-04-11T13:41:05-07:00,0,3
resume/index.html,157,html,46c74c8f,SC450,2025-04-11,13:41:05,-07:00,2025-04-11T13:41:05-07:00,0,172
resume/index.html,158,html,46c74c8f,SC450,2025-04-11,13:41:05,-07:00,2025-04-11T13:41:05-07:00,0,63
resume/index.html,159,html,46c74c8f,SC450,2025-04-11,13:41:05,-07:00,2025-04-11T13:41:05-07:00,0,9
resume/index.html,160,html,46c74c8f,SC450,2025-04-11,13:41:05,-07:00,2025-04-11T13:41:05-07:00,0,9
resume/index.html,161,html,6fb24958,SC450,2025-04-04,02:22:28,-07:00,2025-04-04T02:22:28-07:00,0,6
resume/index.html,162,html,6fb24958,SC450,2025-04-04,02:22:28,-07:00,2025-04-04T02:22:28-07:00,0,6
projects/projects.js,1,js,fac12194,SC450,2025-04-25,23:04:25,-07:00,2025-04-25T23:04:25-07:00,0,9
projects/projects.js,2,js,fac12194,SC450,2025-04-25,23:04:25,-07:00,2025-04-25T23:04:25-07:00,0,56
projects/projects.js,3,js,806dced1,SC450,2025-05-02,23:41:15,-07:00,2025-05-02T23:41:15-07:00,0,64
projects/projects.js,4,js,fac12194,SC450,2025-04-25,23:04:25,-07:00,2025-04-25T23:04:25-07:00,0,0
projects/projects.js,5,js,fac12194,SC450,2025-04-25,23:04:25,-07:00,2025-04-25T23:04:25-07:00,0,20
projects/projects.js,6,js,fac12194,SC450,2025-04-25,23:04:25,-07:00,2025-04-25T23:04:25-07:00,0,56
projects/projects.js,7,js,fac12194,SC450,2025-04-25,23:04:25,-07:00,2025-04-25T23:04:25-07:00,0,0
projects/projects.js,8,js,fac12194,SC450,2025-04-25,23:04:25,-07:00,2025-04-25T23:04:25-07:00,0,31
projects/projects.js,9,js,fac12194,SC450,2025-04-25,23:04:25,-07:00,2025-04-25T23:04:25-07:00,0,61
projects/projects.js,10,js,fac12194,SC450,2025-04-25,23:04:25,-07:00,2025-04-25T23:04:25-07:00,0,0
projects/projects.js,11,js,fac12194,SC450,2025-04-25,23:04:25,-07:00,2025-04-25T23:04:25-07:00,0,23
projects/projects.js,12,js,fac12194,SC450,2025-04-25,23:04:25,-07:00,2025-04-25T23:04:25-07:00,0,63
projects/projects.js,13,js,fac12194,SC450,2025-04-25,23:04:25,-07:00,2025-04-25T23:04:25-07:00,0,19
projects/projects.js,14,js,fac12194,SC450,2025-04-25,23:04:25,-07:00,2025-04-25T23:04:25-07:00,0,37
projects/projects.js,15,js,fac12194,SC450,2025-04-25,23:04:25,-07:00,2025-04-25T23:04:25-07:00,0,64
projects/projects.js,16,js,fac12194,SC450,2025-04-25,23:04:25,-07:00,2025-04-25T23:04:25-07:00,0,61
projects/projects.js,17,js,fac12194,SC450,2025-04-25,23:04:25,-07:00,2025-04-25T23:04:25-07:00,0,0
projects/projects.js,18,js,fac12194,SC450,2025-04-25,23:04:25,-07:00,2025-04-25T23:04:25-07:00,0,0
projects/projects.js,19,js,fac12194,SC450,2025-04-25,23:04:25,-07:00,2025-04-25T23:04:25-07:00,0,21
projects/projects.js,20,js,fac12194,SC450,2025-04-25,23:04:25,-07:00,2025-04-25T23:04:25-07:00,0,49
projects/projects.js,21,js,806dced1,SC450,2025-05-02,23:41:15,-07:00,2025-05-02T23:41:15-07:00,0,0
projects/projects.js,22,js,806dced1,SC450,2025-05-02,23:41:15,-07:00,2025-05-02T23:41:15-07:00,0,39
projects/projects.js,23,js,806dced1,SC450,2025-05-02,23:41:15,-07:00,2025-05-02T23:41:15-07:00,0,58
projects/projects.js,24,js,806dced1,SC450,2025-05-02,23:41:15,-07:00,2025-05-02T23:41:15-07:00,0,0
projects/projects.js,25,js,806dced1,SC450,2025-05-02,23:41:15,-07:00,2025-05-02T23:41:15-07:00,0,23
projects/projects.js,26,js,806dced1,SC450,2025-05-02,23:41:15,-07:00,2025-05-02T23:41:15-07:00,0,27
projects/projects.js,27,js,806dced1,SC450,2025-05-02,23:41:15,-07:00,2025-05-02T23:41:15-07:00,0,8
projects/projects.js,28,js,806dced1,SC450,2025-05-02,23:41:15,-07:00,2025-05-02T23:41:15-07:00,0,15
projects/projects.js,29,js,806dced1,SC450,2025-05-02,23:41:15,-07:00,2025-05-02T23:41:15-07:00,0,13
projects/projects.js,30,js,806dced1,SC450,2025-05-02,23:41:15,-07:00,2025-05-02T23:41:15-07:00,0,1
projects/projects.js,31,js,806dced1,SC450,2025-05-02,23:41:15,-07:00,2025-05-02T23:41:15-07:00,0,45
projects/projects.js,32,js,806dced1,SC450,2025-05-02,23:41:15,-07:00,2025-05-02T23:41:15-07:00,0,36
projects/projects.js,33,js,806dced1,SC450,2025-05-02,23:41:15,-07:00,2025-05-02T23:41:15-07:00,0,2
projects/projects.js,34,js,806dced1,SC450,2025-05-02,23:41:15,-07:00,2025-05-02T23:41:15-07:00,0,0
projects/projects.js,35,js,806dced1,SC450,2025-05-02,23:41:15,-07:00,2025-05-02T23:41:15-07:00,0,25
projects/projects.js,36,js,806dced1,SC450,2025-05-02,23:41:15,-07:00,2025-05-02T23:41:15-07:00,0,54
projects/projects.js,37,js,806dced1,SC450,2025-05-02,23:41:15,-07:00,2025-05-02T23:41:15-07:00,0,37
projects/projects.js,38,js,806dced1,SC450,2025-05-02,23:41:15,-07:00,2025-05-02T23:41:15-07:00,0,49
projects/projects.js,39,js,806dced1,SC450,2025-05-02,23:41:15,-07:00,2025-05-02T23:41:15-07:00,0,16
projects/projects.js,40,js,806dced1,SC450,2025-05-02,23:41:15,-07:00,2025-05-02T23:41:15-07:00,0,51
projects/projects.js,41,js,806dced1,SC450,2025-05-02,23:41:15,-07:00,2025-05-02T23:41:15-07:00,0,0
projects/projects.js,42,js,806dced1,SC450,2025-05-02,23:41:15,-07:00,2025-05-02T23:41:15-07:00,0,43
projects/projects.js,43,js,806dced1,SC450,2025-05-02,23:41:15,-07:00,2025-05-02T23:41:15-07:00,0,16
projects/projects.js,44,js,806dced1,SC450,2025-05-02,23:41:15,-07:00,2025-05-02T23:41:15-07:00,0,0
projects/projects.js,45,js,806dced1,SC450,2025-05-02,23:41:15,-07:00,2025-05-02T23:41:15-07:00,0,23
projects/projects.js,46,js,806dced1,SC450,2025-05-02,23:41:15,-07:00,2025-05-02T23:41:15-07:00,0,15
projects/projects.js,47,js,806dced1,SC450,2025-05-02,23:41:15,-07:00,2025-05-02T23:41:15-07:00,0,3
projects/projects.js,48,js,806dced1,SC450,2025-05-02,23:41:15,-07:00,2025-05-02T23:41:15-07:00,0,0
projects/projects.js,49,js,806dced1,SC450,2025-05-02,23:41:15,-07:00,2025-05-02T23:41:15-07:00,0,23
projects/projects.js,50,js,806dced1,SC450,2025-05-02,23:41:15,-07:00,2025-05-02T23:41:15-07:00,0,53
projects/projects.js,51,js,806dced1,SC450,2025-05-02,23:41:15,-07:00,2025-05-02T23:41:15-07:00,0,50
projects/projects.js,52,js,806dced1,SC450,2025-05-02,23:41:15,-07:00,2025-05-02T23:41:15-07:00,0,21
projects/projects.js,53,js,806dced1,SC450,2025-05-02,23:41:15,-07:00,2025-05-02T23:41:15-07:00,0,3
projects/projects.js,54,js,806dced1,SC450,2025-05-02,23:41:15,-07:00,2025-05-02T23:41:15-07:00,0,0
projects/projects.js,55,js,806dced1,SC450,2025-05-02,23:41:15,-07:00,2025-05-02T23:41:15-07:00,0,37
projects/projects.js,56,js,806dced1,SC450,2025-05-02,23:41:15,-07:00,2025-05-02T23:41:15-07:00,0,30
projects/projects.js,57,js,806dced1,SC450,2025-05-02,23:41:15,-07:00,2025-05-02T23:41:15-07:00,0,22
projects/projects.js,58,js,806dced1,SC450,2025-05-02,23:41:15,-07:00,2025-05-02T23:41:15-07:00,0,25
projects/projects.js,59,js,806dced1,SC450,2025-05-02,23:41:15,-07:00,2025-05-02T23:41:15-07:00,0,25
projects/projects.js,60,js,806dced1,SC450,2025-05-02,23:41:15,-07:00,2025-05-02T23:41:15-07:00,0,82
projects/projects.js,61,js,806dced1,SC450,2025-05-02,23:41:15,-07:00,2025-05-02T23:41:15-07:00,0,36
projects/projects.js,62,js,806dced1,SC450,2025-05-02,23:41:15,-07:00,2025-05-02T23:41:15-07:00,0,4
projects/projects.js,63,js,806dced1,SC450,2025-05-02,23:41:15,-07:00,2025-05-02T23:41:15-07:00,0,0
projects/projects.js,64,js,806dced1,SC450,2025-05-02,23:41:15,-07:00,2025-05-02T23:41:15-07:00,0,31
projects/projects.js,65,js,806dced1,SC450,2025-05-02,23:41:15,-07:00,2025-05-02T23:41:15-07:00,0,50
projects/projects.js,66,js,806dced1,SC450,2025-05-02,23:41:15,-07:00,2025-05-02T23:41:15-07:00,0,36
projects/projects.js,67,js,806dced1,SC450,2025-05-02,23:41:15,-07:00,2025-05-02T23:41:15-07:00,0,28
projects/projects.js,68,js,806dced1,SC450,2025-05-02,23:41:15,-07:00,2025-05-02T23:41:15-07:00,0,12
projects/projects.js,69,js,806dced1,SC450,2025-05-02,23:41:15,-07:00,2025-05-02T23:41:15-07:00,0,23
projects/projects.js,70,js,806dced1,SC450,2025-05-02,23:41:15,-07:00,2025-05-02T23:41:15-07:00,0,50
projects/projects.js,71,js,806dced1,SC450,2025-05-02,23:41:15,-07:00,2025-05-02T23:41:15-07:00,0,57
projects/projects.js,72,js,806dced1,SC450,2025-05-02,23:41:15,-07:00,2025-05-02T23:41:15-07:00,0,111
projects/projects.js,73,js,806dced1,SC450,2025-05-02,23:41:15,-07:00,2025-05-02T23:41:15-07:00,0,4
projects/projects.js,74,js,806dced1,SC450,2025-05-02,23:41:15,-07:00,2025-05-02T23:41:15-07:00,0,0
projects/projects.js,75,js,806dced1,SC450,2025-05-02,23:41:15,-07:00,2025-05-02T23:41:15-07:00,0,41
projects/projects.js,76,js,806dced1,SC450,2025-05-02,23:41:15,-07:00,2025-05-02T23:41:15-07:00,0,39
projects/projects.js,77,js,806dced1,SC450,2025-05-02,23:41:15,-07:00,2025-05-02T23:41:15-07:00,0,26
projects/projects.js,78,js,806dced1,SC450,2025-05-02,23:41:15,-07:00,2025-05-02T23:41:15-07:00,0,30
projects/projects.js,79,js,806dced1,SC450,2025-05-02,23:41:15,-07:00,2025-05-02T23:41:15-07:00,0,13
projects/projects.js,80,js,806dced1,SC450,2025-05-02,23:41:15,-07:00,2025-05-02T23:41:15-07:00,0,15
projects/projects.js,81,js,806dced1,SC450,2025-05-02,23:41:15,-07:00,2025-05-02T23:41:15-07:00,0,13
projects/projects.js,82,js,806dced1,SC450,2025-05-02,23:41:15,-07:00,2025-05-02T23:41:15-07:00,0,1
projects/projects.js,83,js,806dced1,SC450,2025-05-02,23:41:15,-07:00,2025-05-02T23:41:15-07:00,0,0
projects/projects.js,84,js,806dced1,SC450,2025-05-02,23:41:15,-07:00,2025-05-02T23:41:15-07:00,0,19
projects/projects.js,85,js,806dced1,SC450,2025-05-02,23:41:15,-07:00,2025-05-02T23:41:15-07:00,0,51
projects/projects.js,86,js,806dced1,SC450,2025-05-02,23:41:15,-07:00,2025-05-02T23:41:15-07:00,0,36
projects/projects.js,87,js,806dced1,SC450,2025-05-02,23:41:15,-07:00,2025-05-02T23:41:15-07:00,0,2
projects/projects.js,88,js,806dced1,SC450,2025-05-02,23:41:15,-07:00,2025-05-02T23:41:15-07:00,0,0
projects/projects.js,89,js,806dced1,SC450,2025-05-02,23:41:15,-07:00,2025-05-02T23:41:15-07:00,0,51
projects/projects.js,90,js,806dced1,SC450,2025-05-02,23:41:15,-07:00,2025-05-02T23:41:15-07:00,0,48
projects/projects.js,91,js,806dced1,SC450,2025-05-02,23:41:15,-07:00,2025-05-02T23:41:15-07:00,0,54
projects/projects.js,92,js,806dced1,SC450,2025-05-02,23:41:15,-07:00,2025-05-02T23:41:15-07:00,0,43
projects/projects.js,93,js,806dced1,SC450,2025-05-02,23:41:15,-07:00,2025-05-02T23:41:15-07:00,0,52
projects/projects.js,94,js,806dced1,SC450,2025-05-02,23:41:15,-07:00,2025-05-02T23:41:15-07:00,0,0
projects/projects.js,95,js,806dced1,SC450,2025-05-02,23:41:15,-07:00,2025-05-02T23:41:15-07:00,0,34
projects/projects.js,96,js,806dced1,SC450,2025-05-02,23:41:15,-07:00,2025-05-02T23:41:15-07:00,0,43
projects/projects.js,97,js,806dced1,SC450,2025-05-02,23:41:15,-07:00,2025-05-02T23:41:15-07:00,0,45
projects/projects.js,98,js,806dced1,SC450,2025-05-02,23:41:15,-07:00,2025-05-02T23:41:15-07:00,0,0
projects/projects.js,99,js,806dced1,SC450,2025-05-02,23:41:15,-07:00,2025-05-02T23:41:15-07:00,0,28
projects/projects.js,100,js,806dced1,SC450,2025-05-02,23:41:15,-07:00,2025-05-02T23:41:15-07:00,0,30
projects/projects.js,101,js,806dced1,SC450,2025-05-02,23:41:15,-07:00,2025-05-02T23:41:15-07:00,0,15
projects/projects.js,102,js,806dced1,SC450,2025-05-02,23:41:15,-07:00,2025-05-02T23:41:15-07:00,0,14
projects/projects.js,103,js,806dced1,SC450,2025-05-02,23:41:15,-07:00,2025-05-02T23:41:15-07:00,0,14
projects/projects.js,104,js,806dced1,SC450,2025-05-02,23:41:15,-07:00,2025-05-02T23:41:15-07:00,0,26
projects/projects.js,105,js,806dced1,SC450,2025-05-02,23:41:15,-07:00,2025-05-02T23:41:15-07:00,0,2
projects/projects.js,106,js,806dced1,SC450,2025-05-02,23:41:15,-07:00,2025-05-02T23:41:15-07:00,0,0
projects/projects.js,107,js,806dced1,SC450,2025-05-02,23:41:15,-07:00,2025-05-02T23:41:15-07:00,0,29
projects/projects.js,108,js,806dced1,SC450,2025-05-02,23:41:15,-07:00,2025-05-02T23:41:15-07:00,0,33
projects/projects.js,109,js,806dced1,SC450,2025-05-02,23:41:15,-07:00,2025-05-02T23:41:15-07:00,0,28
projects/projects.js,110,js,806dced1,SC450,2025-05-02,23:41:15,-07:00,2025-05-02T23:41:15-07:00,0,5
projects/projects.js,111,js,806dced1,SC450,2025-05-02,23:41:15,-07:00,2025-05-02T23:41:15-07:00,0,12
projects/projects.js,112,js,806dced1,SC450,2025-05-02,23:41:15,-07:00,2025-05-02T23:41:15-07:00,0,39
projects/projects.js,113,js,806dced1,SC450,2025-05-02,23:41:15,-07:00,2025-05-02T23:41:15-07:00,0,28
projects/projects.js,114,js,806dced1,SC450,2025-05-02,23:41:15,-07:00,2025-05-02T23:41:15-07:00,0,70
projects/projects.js,115,js,806dced1,SC450,2025-05-02,23:41:15,-07:00,2025-05-02T23:41:15-07:00,0,2
projects/projects.js,116,js,806dced1,SC450,2025-05-02,23:41:15,-07:00,2025-05-02T23:41:15-07:00,0,0
projects/projects.js,117,js,806dced1,SC450,2025-05-02,23:41:15,-07:00,2025-05-02T23:41:15-07:00,0,26
projects/projects.js,118,js,806dced1,SC450,2025-05-02,23:41:15,-07:00,2025-05-02T23:41:15-07:00,0,22
projects/projects.js,119,js,806dced1,SC450,2025-05-02,23:41:15,-07:00,2025-05-02T23:41:15-07:00,0,26
projects/projects.js,120,js,806dced1,SC450,2025-05-02,23:41:15,-07:00,2025-05-02T23:41:15-07:00,0,30
projects/projects.js,121,js,806dced1,SC450,2025-05-02,23:41:15,-07:00,2025-05-02T23:41:15-07:00,0,28
projects/projects.js,122,js,806dced1,SC450,2025-05-02,23:41:15,-07:00,2025-05-02T23:41:15-07:00,0,2
projects/projects.js,123,js,806dced1,SC450,2025-05-02,23:41:15,-07:00,2025-05-02T23:41:15-07:00,0,14
projects/projects.js,124,js,806dced1,SC450,2025-05-02,23:41:15,-07:00,2025-05-02T23:41:15-07:00,0,14
projects/projects.js,125,js,806dced1,SC450,2025-05-02,23:41:15,-07:00,2025-05-02T23:41:15-07:00,0,23
projects/projects.js,126,js,806dced1,SC450,2025-05-02,23:41:15,-07:00,2025-05-02T23:41:15-07:00,0,19
projects/projects.js,127,js,806dced1,SC450,2025-05-02,23:41:15,-07:00,2025-05-02T23:41:15-07:00,0,44
projects/projects.js,128,js,806dced1,SC450,2025-05-02,23:41:15,-07:00,2025-05-02T23:41:15-07:00,0,0
projects/projects.js,129,js,806dced1,SC450,2025-05-02,23:41:15,-07:00,2025-05-02T23:41:15-07:00,0,2
projects/projects.js,130,js,806dced1,SC450,2025-05-02,23:41:15,-07:00,2025-05-02T23:41:15-07:00,0,17
projects/projects.js,131,js,806dced1,SC450,2025-05-02,23:41:15,-07:00,2025-05-02T23:41:15-07:00,0,27
projects/projects.js,132,js,806dced1,SC450,2025-05-02,23:41:15,-07:00,2025-05-02T23:41:15-07:00,0,69
projects/projects.js,133,js,806dced1,SC450,2025-05-02,23:41:15,-07:00,2025-05-02T23:41:15-07:00,0,38
projects/projects.js,134,js,806dced1,SC450,2025-05-02,23:41:15,-07:00,2025-05-02T23:41:15-07:00,0,2
projects/projects.js,135,js,806dced1,SC450,2025-05-02,23:41:15,-07:00,2025-05-02T23:41:15-07:00,0,0
projects/projects.js,136,js,806dced1,SC450,2025-05-02,23:41:15,-07:00,2025-05-02T23:41:15-07:00,0,5
projects/projects.js,137,js,806dced1,SC450,2025-05-02,23:41:15,-07:00,2025-05-02T23:41:15-07:00,0,15
projects/projects.js,138,js,806dced1,SC450,2025-05-02,23:41:15,-07:00,2025-05-02T23:41:15-07:00,0,55
projects/projects.js,139,js,806dced1,SC450,2025-05-02,23:41:15,-07:00,2025-05-02T23:41:15-07:00,0,0
projects/projects.js,140,js,806dced1,SC450,2025-05-02,23:41:15,-07:00,2025-05-02T23:41:15-07:00,0,26
projects/projects.js,141,js,806dced1,SC450,2025-05-02,23:41:15,-07:00,2025-05-02T23:41:15-07:00,0,56
projects/projects.js,142,js,806dced1,SC450,2025-05-02,23:41:15,-07:00,2025-05-02T23:41:15-07:00,0,52
projects/projects.js,143,js,806dced1,SC450,2025-05-02,23:41:15,-07:00,2025-05-02T23:41:15-07:00,0,60
projects/projects.js,144,js,806dced1,SC450,2025-05-02,23:41:15,-07:00,2025-05-02T23:41:15-07:00,0,43
projects/projects.js,145,js,806dced1,SC450,2025-05-02,23:41:15,-07:00,2025-05-02T23:41:15-07:00,0,2
projects/projects.js,146,js,806dced1,SC450,2025-05-02,23:41:15,-07:00,2025-05-02T23:41:15-07:00,0,57
projects/projects.js,147,js,806dced1,SC450,2025-05-02,23:41:15,-07:00,2025-05-02T23:41:15-07:00,0,7
projects/projects.js,148,js,806dced1,SC450,2025-05-02,23:41:15,-07:00,2025-05-02T23:41:15-07:00,0,38
projects/projects.js,149,js,806dced1,SC450,2025-05-02,23:41:15,-07:00,2025-05-02T23:41:15-07:00,0,48
projects/projects.js,150,js,806dced1,SC450,2025-05-02,23:41:15,-07:00,2025-05-02T23:41:15-07:00,0,52
projects/projects.js,151,js,806dced1,SC450,2025-05-02,23:41:15,-07:00,2025-05-02T23:41:15-07:00,0,48
projects/projects.js,152,js,806dced1,SC450,2025-05-02,23:41:15,-07:00,2025-05-02T23:41:15-07:00,0,60
projects/projects.js,153,js,806dced1,SC450,2025-05-02,23:41:15,-07:00,2025-05-02T23:41:15-07:00,0,56
projects/projects.js,154,js,806dced1,SC450,2025-05-02,23:41:15,-07:00,2025-05-02T23:41:15-07:00,0,35
projects/projects.js,155,js,806dced1,SC450,2025-05-02,23:41:15,-07:00,2025-05-02T23:41:15-07:00,0,2
projects/projects.js,156,js,806dced1,SC450,2025-05-02,23:41:15,-07:00,2025-05-02T23:41:15-07:00,0,57
projects/projects.js,157,js,806dced1,SC450,2025-05-02,23:41:15,-07:00,2025-05-02T23:41:15-07:00,0,0
projects/projects.js,158,js,806dced1,SC450,2025-05-02,23:41:15,-07:00,2025-05-02T23:41:15-07:00,0,2
projects/projects.js,159,js,806dced1,SC450,2025-05-02,23:41:15,-07:00,2025-05-02T23:41:15-07:00,0,2
projects/projects.js,160,js,806dced1,SC450,2025-05-02,23:41:15,-07:00,2025-05-02T23:41:15-07:00,0,0
projects/projects.js,161,js,806dced1,SC450,2025-05-02,23:41:15,-07:00,2025-05-02T23:41:15-07:00,0,0
projects/projects.js,162,js,806dced1,SC450,2025-05-02,23:41:15,-07:00,2025-05-02T23:41:15-07:00,0,33
projects/projects.js,163,js,806dced1,SC450,2025-05-02,23:41:15,-07:00,2025-05-02T23:41:15-07:00,0,24
projects/projects.js,164,js,806dced1,SC450,2025-05-02,23:41:15,-07:00,2025-05-02T23:41:15-07:00,0,0
projects/projects.js,165,js,806dced1,SC450,2025-05-02,23:41:15,-07:00,2025-05-02T23:41:15-07:00,0,44
projects/projects.js,166,js,806dced1,SC450,2025-05-02,23:41:15,-07:00,2025-05-02T23:41:15-07:00,0,14
projects/projects.js,167,js,806dced1,SC450,2025-05-02,23:41:15,-07:00,2025-05-02T23:41:15-07:00,0,0
projects/projects.js,168,js,806dced1,SC450,2025-05-02,23:41:15,-07:00,2025-05-02T23:41:15-07:00,0,54
projects/projects.js,169,js,806dced1,SC450,2025-05-02,23:41:15,-07:00,2025-05-02T23:41:15-07:00,0,0
projects/projects.js,170,js,806dced1,SC450,2025-05-02,23:41:15,-07:00,2025-05-02T23:41:15-07:00,0,49
projects/projects.js,171,js,806dced1,SC450,2025-05-02,23:41:15,-07:00,2025-05-02T23:41:15-07:00,0,20
projects/projects.js,172,js,806dced1,SC450,2025-05-02,23:41:15,-07:00,2025-05-02T23:41:15-07:00,0,26
projects/projects.js,173,js,806dced1,SC450,2025-05-02,23:41:15,-07:00,2025-05-02T23:41:15-07:00,0,0
projects/projects.js,174,js,806dced1,SC450,2025-05-02,23:41:15,-07:00,2025-05-02T23:41:15-07:00,0,27
projects/projects.js,175,js,806dced1,SC450,2025-05-02,23:41:15,-07:00,2025-05-02T23:41:15-07:00,0,52
projects/projects.js,176,js,806dced1,SC450,2025-05-02,23:41:15,-07:00,2025-05-02T23:41:15-07:00,0,60
projects/projects.js,177,js,806dced1,SC450,2025-05-02,23:41:15,-07:00,2025-05-02T23:41:15-07:00,0,43
projects/projects.js,178,js,806dced1,SC450,2025-05-02,23:41:15,-07:00,2025-05-02T23:41:15-07:00,0,2
projects/projects.js,179,js,806dced1,SC450,2025-05-02,23:41:15,-07:00,2025-05-02T23:41:15-07:00,0,0
projects/projects.js,180,js,806dced1,SC450,2025-05-02,23:41:15,-07:00,2025-05-02T23:41:15-07:00,0,32
projects/projects.js,181,js,806dced1,SC450,2025-05-02,23:41:15,-07:00,2025-05-02T23:41:15-07:00,0,57
projects/projects.js,182,js,806dced1,SC450,2025-05-02,23:41:15,-07:00,2025-05-02T23:41:15-07:00,0,0
projects/projects.js,183,js,806dced1,SC450,2025-05-02,23:41:15,-07:00,2025-05-02T23:41:15-07:00,0,36
projects/projects.js,184,js,806dced1,SC450,2025-05-02,23:41:15,-07:00,2025-05-02T23:41:15-07:00,0,32
projects/projects.js,185,js,806dced1,SC450,2025-05-02,23:41:15,-07:00,2025-05-02T23:41:15-07:00,0,2
projects/projects.js,186,js,806dced1,SC450,2025-05-02,23:41:15,-07:00,2025-05-02T23:41:15-07:00,0,0
projects/projects.js,187,js,806dced1,SC450,2025-05-02,23:41:15,-07:00,2025-05-02T23:41:15-07:00,0,85
projects/projects.js,188,js,852d14cd,SC450,2025-05-03,00:06:50,-07:00,2025-05-03T00:06:50-07:00,0,94
projects/projects.js,189,js,852d14cd,SC450,2025-05-03,00:06:50,-07:00,2025-05-03T00:06:50-07:00,0,74
projects/projects.js,190,js,852d14cd,SC450,2025-05-03,00:06:50,-07:00,2025-05-03T00:06:50-07:00,0,76
projects/projects.js,191,js,852d14cd,SC450,2025-05-03,00:06:50,-07:00,2025-05-03T00:06:50-07:00,0,59
projects/projects.js,192,js,852d14cd,SC450,2025-05-03,00:06:50,-07:00,2025-05-03T00:06:50-07:00,0,77
projects/index.js,1,js,fac12194,SC450,2025-04-25,23:04:25,-07:00,2025-04-25T23:04:25-07:00,0,9
projects/index.js,2,js,410c0c66,SC450,2025-04-25,23:11:50,-07:00,2025-04-25T23:11:50-07:00,0,54
projects/index.js,3,js,fac12194,SC450,2025-04-25,23:04:25,-07:00,2025-04-25T23:04:25-07:00,0,0
projects/index.js,4,js,fac12194,SC450,2025-04-25,23:04:25,-07:00,2025-04-25T23:04:25-07:00,0,27
projects/index.js,5,js,fac12194,SC450,2025-04-25,23:04:25,-07:00,2025-04-25T23:04:25-07:00,0,56
projects/index.js,6,js,fac12194,SC450,2025-04-25,23:04:25,-07:00,2025-04-25T23:04:25-07:00,0,43
projects/index.js,7,js,fac12194,SC450,2025-04-25,23:04:25,-07:00,2025-04-25T23:04:25-07:00,0,0
projects/index.js,8,js,fac12194,SC450,2025-04-25,23:04:25,-07:00,2025-04-25T23:04:25-07:00,0,32
projects/index.js,9,js,fac12194,SC450,2025-04-25,23:04:25,-07:00,2025-04-25T23:04:25-07:00,0,64
projects/index.js,10,js,fac12194,SC450,2025-04-25,23:04:25,-07:00,2025-04-25T23:04:25-07:00,0,74
projects/index.js,11,js,fac12194,SC450,2025-04-25,23:04:25,-07:00,2025-04-25T23:04:25-07:00,0,0
projects/index.js,12,js,fac12194,SC450,2025-04-25,23:04:25,-07:00,2025-04-25T23:04:25-07:00,0,28
projects/index.js,13,js,fac12194,SC450,2025-04-25,23:04:25,-07:00,2025-04-25T23:04:25-07:00,0,61
projects/index.js,14,js,fac12194,SC450,2025-04-25,23:04:25,-07:00,2025-04-25T23:04:25-07:00,0,0
projects/index.js,15,js,fac12194,SC450,2025-04-25,23:04:25,-07:00,2025-04-25T23:04:25-07:00,0,21
projects/index.js,16,js,fac12194,SC450,2025-04-25,23:04:25,-07:00,2025-04-25T23:04:25-07:00,0,52
projects/index.html,1,html,59e851e7,SC450,2025-04-03,20:50:46,-07:00,2025-04-03T20:50:46-07:00,0,14
projects/index.html,2,html,59e851e7,SC450,2025-04-03,20:50:46,-07:00,2025-04-03T20:50:46-07:00,0,15
projects/index.html,3,html,59e851e7,SC450,2025-04-03,20:50:46,-07:00,2025-04-03T20:50:46-07:00,0,5
projects/index.html,4,html,59e851e7,SC450,2025-04-03,20:50:46,-07:00,2025-04-03T20:50:46-07:00,0,21
projects/index.html,5,html,59e851e7,SC450,2025-04-03,20:50:46,-07:00,2025-04-03T20:50:46-07:00,0,69
projects/index.html,6,html,0f6f695d,SC450,2025-04-03,22:18:35,-07:00,2025-04-03T22:18:35-07:00,0,42
projects/index.html,7,html,fac12194,SC450,2025-04-25,23:04:25,-07:00,2025-04-25T23:04:25-07:00,0,49
projects/index.html,8,html,fac12194,SC450,2025-04-25,23:04:25,-07:00,2025-04-25T23:04:25-07:00,0,51
projects/index.html,9,html,fac12194,SC450,2025-04-25,23:04:25,-07:00,2025-04-25T23:04:25-07:00,0,48
projects/index.html,10,html,59e851e7,SC450,2025-04-03,20:50:46,-07:00,2025-04-03T20:50:46-07:00,0,35
projects/index.html,11,html,59e851e7,SC450,2025-04-03,20:50:46,-07:00,2025-04-03T20:50:46-07:00,0,6
projects/index.html,12,html,59e851e7,SC450,2025-04-03,20:50:46,-07:00,2025-04-03T20:50:46-07:00,0,5
projects/index.html,13,html,a6914553,SC450,2025-04-18,21:21:54,-07:00,2025-04-18T21:21:54-07:00,0,4
projects/index.html,14,html,434cea15,SC450,2025-04-11,01:45:45,-07:00,2025-04-11T01:45:45-07:00,0,33
projects/index.html,15,html,434cea15,SC450,2025-04-11,01:45:45,-07:00,2025-04-11T01:45:45-07:00,0,50
projects/index.html,16,html,434cea15,SC450,2025-04-11,01:45:45,-07:00,2025-04-11T01:45:45-07:00,0,44
projects/index.html,17,html,434cea15,SC450,2025-04-11,01:45:45,-07:00,2025-04-11T01:45:45-07:00,0,42
projects/index.html,18,html,00000000,Not Committed Yet,2025-05-09,17:35:13,-07:00,2025-05-09T17:35:13-07:00,0,38
projects/index.html,19,html,434cea15,SC450,2025-04-11,01:45:45,-07:00,2025-04-11T01:45:45-07:00,0,72
projects/index.html,20,html,a6914553,SC450,2025-04-18,21:21:54,-07:00,2025-04-18T21:21:54-07:00,0,5
projects/index.html,21,html,fac12194,SC450,2025-04-25,23:04:25,-07:00,2025-04-25T23:04:25-07:00,0,23
projects/index.html,22,html,fac12194,SC450,2025-04-25,23:04:25,-07:00,2025-04-25T23:04:25-07:00,0,28
projects/index.html,23,html,fac12194,SC450,2025-04-25,23:04:25,-07:00,2025-04-25T23:04:25-07:00,0,50
projects/index.html,24,html,fac12194,SC450,2025-04-25,23:04:25,-07:00,2025-04-25T23:04:25-07:00,0,5
projects/index.html,25,html,fac12194,SC450,2025-04-25,23:04:25,-07:00,2025-04-25T23:04:25-07:00,0,39
projects/index.html,26,html,806dced1,SC450,2025-05-02,23:41:15,-07:00,2025-05-02T23:41:15-07:00,0,22
projects/index.html,27,html,806dced1,SC450,2025-05-02,23:41:15,-07:00,2025-05-02T23:41:15-07:00,0,53
projects/index.html,28,html,806dced1,SC450,2025-05-02,23:41:15,-07:00,2025-05-02T23:41:15-07:00,0,50
projects/index.html,29,html,806dced1,SC450,2025-05-02,23:41:15,-07:00,2025-05-02T23:41:15-07:00,0,5
projects/index.html,30,html,806dced1,SC450,2025-05-02,23:41:15,-07:00,2025-05-02T23:41:15-07:00,0,18
projects/index.html,31,html,806dced1,SC450,2025-05-02,23:41:15,-07:00,2025-05-02T23:41:15-07:00,0,37
projects/index.html,32,html,806dced1,SC450,2025-05-02,23:41:15,-07:00,2025-05-02T23:41:15-07:00,0,4
projects/index.html,33,html,806dced1,SC450,2025-05-02,23:41:15,-07:00,2025-05-02T23:41:15-07:00,0,5
projects/index.html,34,html,806dced1,SC450,2025-05-02,23:41:15,-07:00,2025-05-02T23:41:15-07:00,0,5
projects/index.html,35,html,806dced1,SC450,2025-05-02,23:41:15,-07:00,2025-05-02T23:41:15-07:00,0,16
projects/index.html,36,html,806dced1,SC450,2025-05-02,23:41:15,-07:00,2025-05-02T23:41:15-07:00,0,12
projects/index.html,37,html,806dced1,SC450,2025-05-02,23:41:15,-07:00,2025-05-02T23:41:15-07:00,0,27
projects/index.html,38,html,806dced1,SC450,2025-05-02,23:41:15,-07:00,2025-05-02T23:41:15-07:00,0,32
projects/index.html,39,html,806dced1,SC450,2025-05-02,23:41:15,-07:00,2025-05-02T23:41:15-07:00,0,1
projects/index.html,40,html,434cea15,SC450,2025-04-11,01:45:45,-07:00,2025-04-11T01:45:45-07:00,0,21
projects/index.html,41,html,806dced1,SC450,2025-05-02,23:41:15,-07:00,2025-05-02T23:41:15-07:00,0,50
projects/index.html,42,html,434cea15,SC450,2025-04-11,01:45:45,-07:00,2025-04-11T01:45:45-07:00,0,5
projects/index.html,43,html,59e851e7,SC450,2025-04-03,20:50:46,-07:00,2025-04-03T20:50:46-07:00,0,6
projects/index.html,44,html,59e851e7,SC450,2025-04-03,20:50:46,-07:00,2025-04-03T20:50:46-07:00,0,6
lib/index.js,1,js,fac12194,SC450,2025-04-25,23:04:25,-07:00,2025-04-25T23:04:25-07:00,0,9
lib/index.js,2,js,ad38c744,SC450,2025-04-25,23:36:53,-07:00,2025-04-25T23:36:53-07:00,0,44
lib/index.js,3,js,fac12194,SC450,2025-04-25,23:04:25,-07:00,2025-04-25T23:04:25-07:00,0,0
lib/index.js,4,js,fac12194,SC450,2025-04-25,23:04:25,-07:00,2025-04-25T23:04:25-07:00,0,22
lib/index.js,5,js,fac12194,SC450,2025-04-25,23:04:25,-07:00,2025-04-25T23:04:25-07:00,0,49
lib/index.js,6,js,fac12194,SC450,2025-04-25,23:04:25,-07:00,2025-04-25T23:04:25-07:00,0,61
lib/index.js,7,js,fac12194,SC450,2025-04-25,23:04:25,-07:00,2025-04-25T23:04:25-07:00,0,0
lib/index.js,8,js,fac12194,SC450,2025-04-25,23:04:25,-07:00,2025-04-25T23:04:25-07:00,0,36
lib/index.js,9,js,fac12194,SC450,2025-04-25,23:04:25,-07:00,2025-04-25T23:04:25-07:00,0,18
lib/index.js,10,js,fac12194,SC450,2025-04-25,23:04:25,-07:00,2025-04-25T23:04:25-07:00,0,25
lib/index.js,11,js,fac12194,SC450,2025-04-25,23:04:25,-07:00,2025-04-25T23:04:25-07:00,0,3
lib/index.js,12,js,fac12194,SC450,2025-04-25,23:04:25,-07:00,2025-04-25T23:04:25-07:00,0,55
lib/index.js,13,js,fac12194,SC450,2025-04-25,23:04:25,-07:00,2025-04-25T23:04:25-07:00,0,55
lib/index.js,14,js,fac12194,SC450,2025-04-25,23:04:25,-07:00,2025-04-25T23:04:25-07:00,0,49
lib/index.js,15,js,fac12194,SC450,2025-04-25,23:04:25,-07:00,2025-04-25T23:04:25-07:00,0,49
lib/index.js,16,js,fac12194,SC450,2025-04-25,23:04:25,-07:00,2025-04-25T23:04:25-07:00,0,4
lib/index.js,17,js,fac12194,SC450,2025-04-25,23:04:25,-07:00,2025-04-25T23:04:25-07:00,0,1
lib/index.js,18,js,fac12194,SC450,2025-04-25,23:04:25,-07:00,2025-04-25T23:04:25-07:00,0,0
contact/index.html,1,html,59e851e7,SC450,2025-04-03,20:50:46,-07:00,2025-04-03T20:50:46-07:00,0,14
contact/index.html,2,html,59e851e7,SC450,2025-04-03,20:50:46,-07:00,2025-04-03T20:50:46-07:00,0,15
contact/index.html,3,html,59e851e7,SC450,2025-04-03,20:50:46,-07:00,2025-04-03T20:50:46-07:00,0,5
contact/index.html,4,html,59e851e7,SC450,2025-04-03,20:50:46,-07:00,2025-04-03T20:50:46-07:00,0,21
contact/index.html,5,html,59e851e7,SC450,2025-04-03,20:50:46,-07:00,2025-04-03T20:50:46-07:00,0,69
contact/index.html,6,html,0f6f695d,SC450,2025-04-03,22:18:35,-07:00,2025-04-03T22:18:35-07:00,0,42
contact/index.html,7,html,fac12194,SC450,2025-04-25,23:04:25,-07:00,2025-04-25T23:04:25-07:00,0,49
contact/index.html,8,html,eeaf0a4b,SC450,2025-04-03,22:15:49,-07:00,2025-04-03T22:15:49-07:00,0,37
contact/index.html,9,html,59e851e7,SC450,2025-04-03,20:50:46,-07:00,2025-04-03T20:50:46-07:00,0,6
contact/index.html,10,html,59e851e7,SC450,2025-04-03,20:50:46,-07:00,2025-04-03T20:50:46-07:00,0,5
contact/index.html,11,html,a6914553,SC450,2025-04-18,21:21:54,-07:00,2025-04-18T21:21:54-07:00,0,4
contact/index.html,12,html,434cea15,SC450,2025-04-11,01:45:45,-07:00,2025-04-11T01:45:45-07:00,0,33
contact/index.html,13,html,434cea15,SC450,2025-04-11,01:45:45,-07:00,2025-04-11T01:45:45-07:00,0,46
contact/index.html,14,html,434cea15,SC450,2025-04-11,01:45:45,-07:00,2025-04-11T01:45:45-07:00,0,48
contact/index.html,15,html,434cea15,SC450,2025-04-11,01:45:45,-07:00,2025-04-11T01:45:45-07:00,0,42
contact/index.html,16,html,00000000,Not Committed Yet,2025-05-09,17:35:13,-07:00,2025-05-09T17:35:13-07:00,0,38
contact/index.html,17,html,434cea15,SC450,2025-04-11,01:45:45,-07:00,2025-04-11T01:45:45-07:00,0,72
contact/index.html,18,html,a6914553,SC450,2025-04-18,21:21:54,-07:00,2025-04-18T21:21:54-07:00,0,5
contact/index.html,19,html,a6914553,SC450,2025-04-18,21:21:54,-07:00,2025-04-18T21:21:54-07:00,0,15
contact/index.html,20,html,987386fa,SC450,2025-04-03,22:33:52,-07:00,2025-04-03T22:33:52-07:00,0,72
contact/index.html,21,html,b3c3bcf6,SC450,2025-04-03,22:32:36,-07:00,2025-04-03T22:32:36-07:00,0,33
contact/index.html,22,html,b3c3bcf6,SC450,2025-04-03,22:32:36,-07:00,2025-04-03T22:32:36-07:00,0,32
contact/index.html,23,html,b3c3bcf6,SC450,2025-04-03,22:32:36,-07:00,2025-04-03T22:32:36-07:00,0,37
contact/index.html,24,html,b3c3bcf6,SC450,2025-04-03,22:32:36,-07:00,2025-04-03T22:32:36-07:00,0,21
contact/index.html,25,html,b3c3bcf6,SC450,2025-04-03,22:32:36,-07:00,2025-04-03T22:32:36-07:00,0,34
contact/index.html,26,html,b3c3bcf6,SC450,2025-04-03,22:32:36,-07:00,2025-04-03T22:32:36-07:00,0,32
contact/index.html,27,html,b3c3bcf6,SC450,2025-04-03,22:32:36,-07:00,2025-04-03T22:32:36-07:00,0,22
contact/index.html,28,html,b3c3bcf6,SC450,2025-04-03,22:32:36,-07:00,2025-04-03T22:32:36-07:00,0,6
contact/index.html,29,html,59e851e7,SC450,2025-04-03,20:50:46,-07:00,2025-04-03T20:50:46-07:00,0,6
contact/index.html,30,html,59e851e7,SC450,2025-04-03,20:50:46,-07:00,2025-04-03T20:50:46-07:00,0,6
